-- phpMyAdmin SQL Dump
-- version 5.2.1
-- https://www.phpmyadmin.net/
--
-- Host: 127.0.0.1
-- Generation Time: Jul 25, 2025 at 08:57 AM
-- Server version: 10.4.32-MariaDB
-- PHP Version: 8.2.12

SET SQL_MODE = "NO_AUTO_VALUE_ON_ZERO";
START TRANSACTION;
SET time_zone = "+00:00";


/*!40101 SET @OLD_CHARACTER_SET_CLIENT=@@CHARACTER_SET_CLIENT */;
/*!40101 SET @OLD_CHARACTER_SET_RESULTS=@@CHARACTER_SET_RESULTS */;
/*!40101 SET @OLD_COLLATION_CONNECTION=@@COLLATION_CONNECTION */;
/*!40101 SET NAMES utf8mb4 */;

--
-- Database: `feedback`
--

-- --------------------------------------------------------

--
-- Table structure for table `credentials`
--

CREATE TABLE `credentials` (
  `employee_id` int(11) NOT NULL,
  `name` varchar(100) NOT NULL,
  `password` varchar(255) NOT NULL
) ENGINE=InnoDB DEFAULT CHARSET=utf8mb4 COLLATE=utf8mb4_general_ci;

--
-- Dumping data for table `credentials`
--

INSERT INTO `credentials` (`employee_id`, `name`, `password`) VALUES
(1768, 'Dr.K.Sujatha', '$2y$10$qzwsjySzTVNHYSjWKp7EjuUoqzRPloVNhxMfRyVrPccXyvXE6gHbq');

-- --------------------------------------------------------

--
-- Table structure for table `feedback_forms`
--

CREATE TABLE `feedback_forms` (
  `form_id` int(11) NOT NULL,
  `title` varchar(100) DEFAULT NULL,
  `academic_year` varchar(20) NOT NULL,
  `created_on` datetime DEFAULT current_timestamp(),
  `active` tinyint(1) DEFAULT 1
) ENGINE=InnoDB DEFAULT CHARSET=utf8mb4 COLLATE=utf8mb4_general_ci;

--
-- Dumping data for table `feedback_forms`
--

INSERT INTO `feedback_forms` (`form_id`, `title`, `academic_year`, `created_on`, `active`) VALUES
(28, 'Test-2', '2024-2025', '2025-07-24 19:35:00', 1);

-- --------------------------------------------------------

--
-- Table structure for table `form_subjects`
--

CREATE TABLE `form_subjects` (
  `id` int(11) NOT NULL,
  `form_id` int(11) NOT NULL,
  `subject_id` int(11) NOT NULL
) ENGINE=InnoDB DEFAULT CHARSET=utf8mb4 COLLATE=utf8mb4_general_ci;

--
-- Dumping data for table `form_subjects`
--

INSERT INTO `form_subjects` (`id`, `form_id`, `subject_id`) VALUES
(104, 28, 14),
(105, 28, 9),
(106, 28, 18),
(107, 28, 4);

-- --------------------------------------------------------

--
-- Table structure for table `questions`
--

CREATE TABLE `questions` (
  `question_id` int(11) NOT NULL,
  `text` text NOT NULL
) ENGINE=InnoDB DEFAULT CHARSET=utf8mb4 COLLATE=utf8mb4_general_ci;

--
-- Dumping data for table `questions`
--

INSERT INTO `questions` (`question_id`, `text`) VALUES
(1, 'Thoroughness of subject knowledge and clarity in presentation of topics'),
(2, 'Fairness of target assessment particularly when a group of students are involved'),
(3, 'Completion of targets as per lecture plan'),
(4, 'Module bank questions are thought provoking self-exploratory and requires lot of effort to work after class hours'),
(5, 'Faculty effectively utilizes ICT facilities and enriches content utilizing teaching aids like videos, models etc'),
(6, 'Faculty creates interest in students towards practice sessions and project-based learning approaches'),
(7, 'The faculty delivers course with clearly defined learning objectives and outcomes in mind'),
(8, 'The faculty enables student to obtain latest technologies development in the field with good number of real time examples'),
(9, 'Willingness of the faculty to interact with students after class hours'),
(10, 'Faculty is effective in conducting augmentation/supportive classes');

-- --------------------------------------------------------

--
-- Table structure for table `students`
--

CREATE TABLE `students` (
  `reg_no` varchar(20) NOT NULL,
  `name` varchar(100) NOT NULL
) ENGINE=InnoDB DEFAULT CHARSET=utf8mb4 COLLATE=utf8mb4_general_ci;

--
-- Dumping data for table `students`
--

INSERT INTO `students` (`reg_no`, `name`) VALUES
('221FA07104', 'uytr'),
('241FA07001', 'Gangireddy Keerthana'),
('241FA07002', 'Venkata Veera Sai Sri Jahnavi Kammela'),
('241FA07004', 'Gandu Bhargav'),
('241FA07005', 'sai Jahnavi Yechuri'),
('241FA07006', 'AnnapuReddy BrahmaReddy'),
('241FA07007', 'Gadde Divya'),
('241FA07008', 'HARSHA VARDHAN SAI RAGHAVA.KOTA'),
('241FA07010', 'Parchuri. Brahmani Priya Darshini'),
('241FA07011', 'Katabattula Venkata Siva Sai Ganesh'),
('241FA07014', 'Tavva Pradeep Kumar'),
('241FA07015', 'shaik Naseha'),
('241FA07016', 'KARUMURI AKHIL KRISHNA REDDY'),
('241FA07017', 'pallisetti Naga Sravanthi'),
('241FA07018', 'Mandadi sahasra'),
('241FA07019', 'GUDIGUNDLA SHASHANK'),
('241FA07020', 'Mandadapu Rahul'),
('241FA07022', 'Shaik jasmeer'),
('241FA07023', 'Narra.Rushikesh Arjun'),
('241FA07025', 'Bommu charitha sri'),
('241FA07027', 'kothapalli jayakrishna'),
('241FA07028', 'Lasya Reddy'),
('241FA07031', 'POLURU SRI VENKATA  ADHITYA HAREESH'),
('241FA07032', 'I. nishanth'),
('241FA07034', 's.varshitha'),
('241FA07038', 'g.narendra reddy'),
('241FA07040', 'DINEESHA PALAGANI'),
('241FA07042', 'Bonkuri divyaseshu'),
('241FA07043', 'thammisetty prabhu kumar'),
('241FA07045', 'Maram keerthi Reddy'),
('241FA07047', 'RAAVI MURARI'),
('241FA07048', 'Marampudi Sai Rama Krishna'),
('241FA07050', 'ponnam anvitha'),
('241FA07063', 'veeranki nikhil ram tej'),
('241FA07068', 'JHANSI PRIYA'),
('241FA07071', 'Ravipati Siva Ramakrishna'),
('241FA07072', 'shaik cherishma baji'),
('241FA07077', 'B.Bindu'),
('241FA07084', 'B. Indira Priya Darshini'),
('241FA07086', 'D. Bhavya Reddy'),
('241FA07088', 'Karthikeya Nanduri'),
('241FA07089', 'P.Vekshitha'),
('241FA07100', 'Sangepu.Rikhitha'),
('241FA07106', 'M.Sneha'),
('241FA07107', 'G.Gnana srujana'),
('241FA07108', 'GAJJALA RATNESH'),
('241FA07113', 'MUSTAFA ABDELRAHMAN'),
('251LA07001', 'Gaddam. Adi Lakshmi');

-- --------------------------------------------------------

--
-- Table structure for table `student_feedback`
--

CREATE TABLE `student_feedback` (
  `feedback_id` int(11) NOT NULL,
  `form_id` int(11) NOT NULL,
  `reg_no` varchar(20) NOT NULL,
  `subject_id` int(11) NOT NULL,
  `question_id` int(11) NOT NULL,
  `rating` tinyint(4) NOT NULL CHECK (`rating` between 1 and 5)
) ENGINE=InnoDB DEFAULT CHARSET=utf8mb4 COLLATE=utf8mb4_general_ci;

--
-- Dumping data for table `student_feedback`
--

INSERT INTO `student_feedback` (`feedback_id`, `form_id`, `reg_no`, `subject_id`, `question_id`, `rating`) VALUES
(8701, 28, '241FA07001', 14, 1, 5),
(8702, 28, '241FA07001', 14, 2, 3),
(8703, 28, '241FA07001', 14, 3, 3),
(8704, 28, '241FA07001', 14, 4, 4),
(8705, 28, '241FA07001', 14, 5, 4),
(8706, 28, '241FA07001', 14, 6, 5),
(8707, 28, '241FA07001', 14, 7, 5),
(8708, 28, '241FA07001', 14, 8, 5),
(8709, 28, '241FA07001', 14, 9, 5),
(8710, 28, '241FA07001', 14, 10, 4),
(8711, 28, '241FA07001', 9, 1, 4),
(8712, 28, '241FA07001', 9, 2, 4),
(8713, 28, '241FA07001', 9, 3, 4),
(8714, 28, '241FA07001', 9, 4, 4),
(8715, 28, '241FA07001', 9, 5, 4),
(8716, 28, '241FA07001', 9, 6, 3),
(8717, 28, '241FA07001', 9, 7, 1),
(8718, 28, '241FA07001', 9, 8, 4),
(8719, 28, '241FA07001', 9, 9, 3),
(8720, 28, '241FA07001', 9, 10, 5),
(8721, 28, '241FA07001', 18, 1, 4),
(8722, 28, '241FA07001', 18, 2, 5),
(8723, 28, '241FA07001', 18, 3, 1),
(8724, 28, '241FA07001', 18, 4, 2),
(8725, 28, '241FA07001', 18, 5, 5),
(8726, 28, '241FA07001', 18, 6, 3),
(8727, 28, '241FA07001', 18, 7, 4),
(8728, 28, '241FA07001', 18, 8, 3),
(8729, 28, '241FA07001', 18, 9, 4),
(8730, 28, '241FA07001', 18, 10, 2),
(8731, 28, '241FA07001', 4, 1, 4),
(8732, 28, '241FA07001', 4, 2, 4),
(8733, 28, '241FA07001', 4, 3, 5),
(8734, 28, '241FA07001', 4, 4, 4),
(8735, 28, '241FA07001', 4, 5, 4),
(8736, 28, '241FA07001', 4, 6, 5),
(8737, 28, '241FA07001', 4, 7, 4),
(8738, 28, '241FA07001', 4, 8, 1),
(8739, 28, '241FA07001', 4, 9, 5),
(8740, 28, '241FA07001', 4, 10, 5),
(8741, 28, '241FA07002', 14, 1, 2),
(8742, 28, '241FA07002', 14, 2, 4),
(8743, 28, '241FA07002', 14, 3, 4),
(8744, 28, '241FA07002', 14, 4, 5),
(8745, 28, '241FA07002', 14, 5, 4),
(8746, 28, '241FA07002', 14, 6, 3),
(8747, 28, '241FA07002', 14, 7, 4),
(8748, 28, '241FA07002', 14, 8, 4),
(8749, 28, '241FA07002', 14, 9, 5),
(8750, 28, '241FA07002', 14, 10, 4),
(8751, 28, '241FA07002', 9, 1, 3),
(8752, 28, '241FA07002', 9, 2, 3),
(8753, 28, '241FA07002', 9, 3, 4),
(8754, 28, '241FA07002', 9, 4, 4),
(8755, 28, '241FA07002', 9, 5, 4),
(8756, 28, '241FA07002', 9, 6, 5),
(8757, 28, '241FA07002', 9, 7, 3),
(8758, 28, '241FA07002', 9, 8, 5),
(8759, 28, '241FA07002', 9, 9, 4),
(8760, 28, '241FA07002', 9, 10, 5),
(8761, 28, '241FA07002', 18, 1, 3),
(8762, 28, '241FA07002', 18, 2, 5),
(8763, 28, '241FA07002', 18, 3, 3),
(8764, 28, '241FA07002', 18, 4, 5),
(8765, 28, '241FA07002', 18, 5, 4),
(8766, 28, '241FA07002', 18, 6, 5),
(8767, 28, '241FA07002', 18, 7, 4),
(8768, 28, '241FA07002', 18, 8, 4),
(8769, 28, '241FA07002', 18, 9, 4),
(8770, 28, '241FA07002', 18, 10, 3),
(8771, 28, '241FA07002', 4, 1, 2),
(8772, 28, '241FA07002', 4, 2, 4),
(8773, 28, '241FA07002', 4, 3, 3),
(8774, 28, '241FA07002', 4, 4, 5),
(8775, 28, '241FA07002', 4, 5, 1),
(8776, 28, '241FA07002', 4, 6, 5),
(8777, 28, '241FA07002', 4, 7, 5),
(8778, 28, '241FA07002', 4, 8, 4),
(8779, 28, '241FA07002', 4, 9, 4),
(8780, 28, '241FA07002', 4, 10, 3),
(8781, 28, '241FA07004', 14, 1, 3),
(8782, 28, '241FA07004', 14, 2, 3),
(8783, 28, '241FA07004', 14, 3, 3),
(8784, 28, '241FA07004', 14, 4, 5),
(8785, 28, '241FA07004', 14, 5, 1),
(8786, 28, '241FA07004', 14, 6, 4),
(8787, 28, '241FA07004', 14, 7, 5),
(8788, 28, '241FA07004', 14, 8, 3),
(8789, 28, '241FA07004', 14, 9, 1),
(8790, 28, '241FA07004', 14, 10, 2),
(8791, 28, '241FA07004', 9, 1, 4),
(8792, 28, '241FA07004', 9, 2, 5),
(8793, 28, '241FA07004', 9, 3, 4),
(8794, 28, '241FA07004', 9, 4, 5),
(8795, 28, '241FA07004', 9, 5, 5),
(8796, 28, '241FA07004', 9, 6, 1),
(8797, 28, '241FA07004', 9, 7, 4),
(8798, 28, '241FA07004', 9, 8, 3),
(8799, 28, '241FA07004', 9, 9, 5),
(8800, 28, '241FA07004', 9, 10, 5),
(8801, 28, '241FA07004', 18, 1, 5),
(8802, 28, '241FA07004', 18, 2, 4),
(8803, 28, '241FA07004', 18, 3, 5),
(8804, 28, '241FA07004', 18, 4, 3),
(8805, 28, '241FA07004', 18, 5, 4),
(8806, 28, '241FA07004', 18, 6, 3),
(8807, 28, '241FA07004', 18, 7, 4),
(8808, 28, '241FA07004', 18, 8, 4),
(8809, 28, '241FA07004', 18, 9, 5),
(8810, 28, '241FA07004', 18, 10, 4),
(8811, 28, '241FA07004', 4, 1, 4),
(8812, 28, '241FA07004', 4, 2, 5),
(8813, 28, '241FA07004', 4, 3, 4),
(8814, 28, '241FA07004', 4, 4, 5),
(8815, 28, '241FA07004', 4, 5, 3),
(8816, 28, '241FA07004', 4, 6, 5),
(8817, 28, '241FA07004', 4, 7, 3),
(8818, 28, '241FA07004', 4, 8, 5),
(8819, 28, '241FA07004', 4, 9, 3),
(8820, 28, '241FA07004', 4, 10, 4),
(8821, 28, '241FA07005', 14, 1, 4),
(8822, 28, '241FA07005', 14, 2, 5),
(8823, 28, '241FA07005', 14, 3, 5),
(8824, 28, '241FA07005', 14, 4, 4),
(8825, 28, '241FA07005', 14, 5, 5),
(8826, 28, '241FA07005', 14, 6, 2),
(8827, 28, '241FA07005', 14, 7, 5),
(8828, 28, '241FA07005', 14, 8, 5),
(8829, 28, '241FA07005', 14, 9, 3),
(8830, 28, '241FA07005', 14, 10, 5),
(8831, 28, '241FA07005', 9, 1, 5),
(8832, 28, '241FA07005', 9, 2, 5),
(8833, 28, '241FA07005', 9, 3, 5),
(8834, 28, '241FA07005', 9, 4, 5),
(8835, 28, '241FA07005', 9, 5, 5),
(8836, 28, '241FA07005', 9, 6, 5),
(8837, 28, '241FA07005', 9, 7, 5),
(8838, 28, '241FA07005', 9, 8, 2),
(8839, 28, '241FA07005', 9, 9, 3),
(8840, 28, '241FA07005', 9, 10, 4),
(8841, 28, '241FA07005', 18, 1, 4),
(8842, 28, '241FA07005', 18, 2, 3),
(8843, 28, '241FA07005', 18, 3, 3),
(8844, 28, '241FA07005', 18, 4, 4),
(8845, 28, '241FA07005', 18, 5, 3),
(8846, 28, '241FA07005', 18, 6, 3),
(8847, 28, '241FA07005', 18, 7, 3),
(8848, 28, '241FA07005', 18, 8, 5),
(8849, 28, '241FA07005', 18, 9, 3),
(8850, 28, '241FA07005', 18, 10, 5),
(8851, 28, '241FA07005', 4, 1, 3),
(8852, 28, '241FA07005', 4, 2, 3),
(8853, 28, '241FA07005', 4, 3, 2),
(8854, 28, '241FA07005', 4, 4, 1),
(8855, 28, '241FA07005', 4, 5, 1),
(8856, 28, '241FA07005', 4, 6, 4),
(8857, 28, '241FA07005', 4, 7, 5),
(8858, 28, '241FA07005', 4, 8, 4),
(8859, 28, '241FA07005', 4, 9, 5),
(8860, 28, '241FA07005', 4, 10, 5),
(8861, 28, '241FA07006', 14, 1, 5),
(8862, 28, '241FA07006', 14, 2, 4),
(8863, 28, '241FA07006', 14, 3, 1),
(8864, 28, '241FA07006', 14, 4, 4),
(8865, 28, '241FA07006', 14, 5, 4),
(8866, 28, '241FA07006', 14, 6, 1),
(8867, 28, '241FA07006', 14, 7, 5),
(8868, 28, '241FA07006', 14, 8, 4),
(8869, 28, '241FA07006', 14, 9, 5),
(8870, 28, '241FA07006', 14, 10, 3),
(8871, 28, '241FA07006', 9, 1, 2),
(8872, 28, '241FA07006', 9, 2, 4),
(8873, 28, '241FA07006', 9, 3, 3),
(8874, 28, '241FA07006', 9, 4, 2),
(8875, 28, '241FA07006', 9, 5, 5),
(8876, 28, '241FA07006', 9, 6, 4),
(8877, 28, '241FA07006', 9, 7, 4),
(8878, 28, '241FA07006', 9, 8, 5),
(8879, 28, '241FA07006', 9, 9, 4),
(8880, 28, '241FA07006', 9, 10, 5),
(8881, 28, '241FA07006', 18, 1, 1),
(8882, 28, '241FA07006', 18, 2, 1),
(8883, 28, '241FA07006', 18, 3, 5),
(8884, 28, '241FA07006', 18, 4, 1),
(8885, 28, '241FA07006', 18, 5, 2),
(8886, 28, '241FA07006', 18, 6, 3),
(8887, 28, '241FA07006', 18, 7, 3),
(8888, 28, '241FA07006', 18, 8, 5),
(8889, 28, '241FA07006', 18, 9, 4),
(8890, 28, '241FA07006', 18, 10, 5),
(8891, 28, '241FA07006', 4, 1, 4),
(8892, 28, '241FA07006', 4, 2, 4),
(8893, 28, '241FA07006', 4, 3, 4),
(8894, 28, '241FA07006', 4, 4, 2),
(8895, 28, '241FA07006', 4, 5, 5),
(8896, 28, '241FA07006', 4, 6, 4),
(8897, 28, '241FA07006', 4, 7, 5),
(8898, 28, '241FA07006', 4, 8, 2),
(8899, 28, '241FA07006', 4, 9, 4),
(8900, 28, '241FA07006', 4, 10, 5),
(8901, 28, '241FA07007', 14, 1, 4),
(8902, 28, '241FA07007', 14, 2, 4),
(8903, 28, '241FA07007', 14, 3, 5),
(8904, 28, '241FA07007', 14, 4, 4),
(8905, 28, '241FA07007', 14, 5, 4),
(8906, 28, '241FA07007', 14, 6, 2),
(8907, 28, '241FA07007', 14, 7, 5),
(8908, 28, '241FA07007', 14, 8, 3),
(8909, 28, '241FA07007', 14, 9, 4),
(8910, 28, '241FA07007', 14, 10, 4),
(8911, 28, '241FA07007', 9, 1, 3),
(8912, 28, '241FA07007', 9, 2, 3),
(8913, 28, '241FA07007', 9, 3, 3),
(8914, 28, '241FA07007', 9, 4, 3),
(8915, 28, '241FA07007', 9, 5, 4),
(8916, 28, '241FA07007', 9, 6, 3),
(8917, 28, '241FA07007', 9, 7, 5),
(8918, 28, '241FA07007', 9, 8, 3),
(8919, 28, '241FA07007', 9, 9, 3),
(8920, 28, '241FA07007', 9, 10, 4),
(8921, 28, '241FA07007', 18, 1, 5),
(8922, 28, '241FA07007', 18, 2, 4),
(8923, 28, '241FA07007', 18, 3, 5),
(8924, 28, '241FA07007', 18, 4, 2),
(8925, 28, '241FA07007', 18, 5, 5),
(8926, 28, '241FA07007', 18, 6, 1),
(8927, 28, '241FA07007', 18, 7, 5),
(8928, 28, '241FA07007', 18, 8, 1),
(8929, 28, '241FA07007', 18, 9, 1),
(8930, 28, '241FA07007', 18, 10, 5),
(8931, 28, '241FA07007', 4, 1, 5),
(8932, 28, '241FA07007', 4, 2, 5),
(8933, 28, '241FA07007', 4, 3, 2),
(8934, 28, '241FA07007', 4, 4, 5),
(8935, 28, '241FA07007', 4, 5, 5),
(8936, 28, '241FA07007', 4, 6, 4),
(8937, 28, '241FA07007', 4, 7, 3),
(8938, 28, '241FA07007', 4, 8, 3),
(8939, 28, '241FA07007', 4, 9, 5),
(8940, 28, '241FA07007', 4, 10, 3),
(8941, 28, '241FA07008', 14, 1, 3),
(8942, 28, '241FA07008', 14, 2, 5),
(8943, 28, '241FA07008', 14, 3, 4),
(8944, 28, '241FA07008', 14, 4, 5),
(8945, 28, '241FA07008', 14, 5, 3),
(8946, 28, '241FA07008', 14, 6, 3),
(8947, 28, '241FA07008', 14, 7, 4),
(8948, 28, '241FA07008', 14, 8, 4),
(8949, 28, '241FA07008', 14, 9, 3),
(8950, 28, '241FA07008', 14, 10, 3),
(8951, 28, '241FA07008', 9, 1, 3),
(8952, 28, '241FA07008', 9, 2, 5),
(8953, 28, '241FA07008', 9, 3, 4),
(8954, 28, '241FA07008', 9, 4, 4),
(8955, 28, '241FA07008', 9, 5, 3),
(8956, 28, '241FA07008', 9, 6, 3),
(8957, 28, '241FA07008', 9, 7, 4),
(8958, 28, '241FA07008', 9, 8, 5),
(8959, 28, '241FA07008', 9, 9, 5),
(8960, 28, '241FA07008', 9, 10, 4),
(8961, 28, '241FA07008', 18, 1, 5),
(8962, 28, '241FA07008', 18, 2, 4),
(8963, 28, '241FA07008', 18, 3, 5),
(8964, 28, '241FA07008', 18, 4, 5),
(8965, 28, '241FA07008', 18, 5, 5),
(8966, 28, '241FA07008', 18, 6, 4),
(8967, 28, '241FA07008', 18, 7, 5),
(8968, 28, '241FA07008', 18, 8, 4),
(8969, 28, '241FA07008', 18, 9, 3),
(8970, 28, '241FA07008', 18, 10, 3),
(8971, 28, '241FA07008', 4, 1, 4),
(8972, 28, '241FA07008', 4, 2, 3),
(8973, 28, '241FA07008', 4, 3, 5),
(8974, 28, '241FA07008', 4, 4, 3),
(8975, 28, '241FA07008', 4, 5, 3),
(8976, 28, '241FA07008', 4, 6, 1),
(8977, 28, '241FA07008', 4, 7, 3),
(8978, 28, '241FA07008', 4, 8, 5),
(8979, 28, '241FA07008', 4, 9, 3),
(8980, 28, '241FA07008', 4, 10, 5),
(8981, 28, '241FA07010', 14, 1, 3),
(8982, 28, '241FA07010', 14, 2, 3),
(8983, 28, '241FA07010', 14, 3, 5),
(8984, 28, '241FA07010', 14, 4, 4),
(8985, 28, '241FA07010', 14, 5, 5),
(8986, 28, '241FA07010', 14, 6, 5),
(8987, 28, '241FA07010', 14, 7, 3),
(8988, 28, '241FA07010', 14, 8, 5),
(8989, 28, '241FA07010', 14, 9, 5),
(8990, 28, '241FA07010', 14, 10, 5),
(8991, 28, '241FA07010', 9, 1, 4),
(8992, 28, '241FA07010', 9, 2, 4),
(8993, 28, '241FA07010', 9, 3, 5),
(8994, 28, '241FA07010', 9, 4, 5),
(8995, 28, '241FA07010', 9, 5, 3),
(8996, 28, '241FA07010', 9, 6, 5),
(8997, 28, '241FA07010', 9, 7, 5),
(8998, 28, '241FA07010', 9, 8, 4),
(8999, 28, '241FA07010', 9, 9, 4),
(9000, 28, '241FA07010', 9, 10, 3),
(9001, 28, '241FA07010', 18, 1, 5),
(9002, 28, '241FA07010', 18, 2, 1),
(9003, 28, '241FA07010', 18, 3, 3),
(9004, 28, '241FA07010', 18, 4, 5),
(9005, 28, '241FA07010', 18, 5, 5),
(9006, 28, '241FA07010', 18, 6, 4),
(9007, 28, '241FA07010', 18, 7, 5),
(9008, 28, '241FA07010', 18, 8, 4),
(9009, 28, '241FA07010', 18, 9, 3),
(9010, 28, '241FA07010', 18, 10, 4),
(9011, 28, '241FA07010', 4, 1, 3),
(9012, 28, '241FA07010', 4, 2, 4),
(9013, 28, '241FA07010', 4, 3, 3),
(9014, 28, '241FA07010', 4, 4, 4),
(9015, 28, '241FA07010', 4, 5, 4),
(9016, 28, '241FA07010', 4, 6, 3),
(9017, 28, '241FA07010', 4, 7, 5),
(9018, 28, '241FA07010', 4, 8, 5),
(9019, 28, '241FA07010', 4, 9, 4),
(9020, 28, '241FA07010', 4, 10, 4),
(9021, 28, '241FA07011', 14, 1, 4),
(9022, 28, '241FA07011', 14, 2, 5),
(9023, 28, '241FA07011', 14, 3, 1),
(9024, 28, '241FA07011', 14, 4, 3),
(9025, 28, '241FA07011', 14, 5, 5),
(9026, 28, '241FA07011', 14, 6, 4),
(9027, 28, '241FA07011', 14, 7, 4),
(9028, 28, '241FA07011', 14, 8, 2),
(9029, 28, '241FA07011', 14, 9, 5),
(9030, 28, '241FA07011', 14, 10, 5),
(9031, 28, '241FA07011', 9, 1, 5),
(9032, 28, '241FA07011', 9, 2, 5),
(9033, 28, '241FA07011', 9, 3, 4),
(9034, 28, '241FA07011', 9, 4, 3),
(9035, 28, '241FA07011', 9, 5, 3),
(9036, 28, '241FA07011', 9, 6, 5),
(9037, 28, '241FA07011', 9, 7, 4),
(9038, 28, '241FA07011', 9, 8, 3),
(9039, 28, '241FA07011', 9, 9, 4),
(9040, 28, '241FA07011', 9, 10, 4),
(9041, 28, '241FA07011', 18, 1, 4),
(9042, 28, '241FA07011', 18, 2, 3),
(9043, 28, '241FA07011', 18, 3, 3),
(9044, 28, '241FA07011', 18, 4, 5),
(9045, 28, '241FA07011', 18, 5, 5),
(9046, 28, '241FA07011', 18, 6, 5),
(9047, 28, '241FA07011', 18, 7, 3),
(9048, 28, '241FA07011', 18, 8, 3),
(9049, 28, '241FA07011', 18, 9, 1),
(9050, 28, '241FA07011', 18, 10, 1),
(9051, 28, '241FA07011', 4, 1, 5),
(9052, 28, '241FA07011', 4, 2, 3),
(9053, 28, '241FA07011', 4, 3, 4),
(9054, 28, '241FA07011', 4, 4, 4),
(9055, 28, '241FA07011', 4, 5, 4),
(9056, 28, '241FA07011', 4, 6, 3),
(9057, 28, '241FA07011', 4, 7, 5),
(9058, 28, '241FA07011', 4, 8, 4),
(9059, 28, '241FA07011', 4, 9, 5),
(9060, 28, '241FA07011', 4, 10, 1),
(9061, 28, '241FA07014', 14, 1, 5),
(9062, 28, '241FA07014', 14, 2, 5),
(9063, 28, '241FA07014', 14, 3, 3),
(9064, 28, '241FA07014', 14, 4, 5),
(9065, 28, '241FA07014', 14, 5, 4),
(9066, 28, '241FA07014', 14, 6, 5),
(9067, 28, '241FA07014', 14, 7, 4),
(9068, 28, '241FA07014', 14, 8, 5),
(9069, 28, '241FA07014', 14, 9, 3),
(9070, 28, '241FA07014', 14, 10, 3),
(9071, 28, '241FA07014', 9, 1, 5),
(9072, 28, '241FA07014', 9, 2, 3),
(9073, 28, '241FA07014', 9, 3, 4),
(9074, 28, '241FA07014', 9, 4, 5),
(9075, 28, '241FA07014', 9, 5, 3),
(9076, 28, '241FA07014', 9, 6, 5),
(9077, 28, '241FA07014', 9, 7, 5),
(9078, 28, '241FA07014', 9, 8, 5),
(9079, 28, '241FA07014', 9, 9, 5),
(9080, 28, '241FA07014', 9, 10, 5),
(9081, 28, '241FA07014', 18, 1, 3),
(9082, 28, '241FA07014', 18, 2, 4),
(9083, 28, '241FA07014', 18, 3, 5),
(9084, 28, '241FA07014', 18, 4, 4),
(9085, 28, '241FA07014', 18, 5, 5),
(9086, 28, '241FA07014', 18, 6, 4),
(9087, 28, '241FA07014', 18, 7, 4),
(9088, 28, '241FA07014', 18, 8, 4),
(9089, 28, '241FA07014', 18, 9, 4),
(9090, 28, '241FA07014', 18, 10, 4),
(9091, 28, '241FA07014', 4, 1, 5),
(9092, 28, '241FA07014', 4, 2, 5),
(9093, 28, '241FA07014', 4, 3, 3),
(9094, 28, '241FA07014', 4, 4, 2),
(9095, 28, '241FA07014', 4, 5, 5),
(9096, 28, '241FA07014', 4, 6, 5),
(9097, 28, '241FA07014', 4, 7, 3),
(9098, 28, '241FA07014', 4, 8, 2),
(9099, 28, '241FA07014', 4, 9, 4),
(9100, 28, '241FA07014', 4, 10, 5),
(9101, 28, '241FA07015', 14, 1, 5),
(9102, 28, '241FA07015', 14, 2, 5),
(9103, 28, '241FA07015', 14, 3, 3),
(9104, 28, '241FA07015', 14, 4, 5),
(9105, 28, '241FA07015', 14, 5, 3),
(9106, 28, '241FA07015', 14, 6, 5),
(9107, 28, '241FA07015', 14, 7, 5),
(9108, 28, '241FA07015', 14, 8, 3),
(9109, 28, '241FA07015', 14, 9, 4),
(9110, 28, '241FA07015', 14, 10, 4),
(9111, 28, '241FA07015', 9, 1, 3),
(9112, 28, '241FA07015', 9, 2, 5),
(9113, 28, '241FA07015', 9, 3, 5),
(9114, 28, '241FA07015', 9, 4, 4),
(9115, 28, '241FA07015', 9, 5, 3),
(9116, 28, '241FA07015', 9, 6, 4),
(9117, 28, '241FA07015', 9, 7, 3),
(9118, 28, '241FA07015', 9, 8, 5),
(9119, 28, '241FA07015', 9, 9, 2),
(9120, 28, '241FA07015', 9, 10, 2),
(9121, 28, '241FA07015', 18, 1, 5),
(9122, 28, '241FA07015', 18, 2, 4),
(9123, 28, '241FA07015', 18, 3, 3),
(9124, 28, '241FA07015', 18, 4, 3),
(9125, 28, '241FA07015', 18, 5, 4),
(9126, 28, '241FA07015', 18, 6, 5),
(9127, 28, '241FA07015', 18, 7, 2),
(9128, 28, '241FA07015', 18, 8, 4),
(9129, 28, '241FA07015', 18, 9, 4),
(9130, 28, '241FA07015', 18, 10, 2),
(9131, 28, '241FA07015', 4, 1, 5),
(9132, 28, '241FA07015', 4, 2, 5),
(9133, 28, '241FA07015', 4, 3, 4),
(9134, 28, '241FA07015', 4, 4, 5),
(9135, 28, '241FA07015', 4, 5, 5),
(9136, 28, '241FA07015', 4, 6, 5),
(9137, 28, '241FA07015', 4, 7, 4),
(9138, 28, '241FA07015', 4, 8, 5),
(9139, 28, '241FA07015', 4, 9, 3),
(9140, 28, '241FA07015', 4, 10, 4),
(9141, 28, '241FA07016', 14, 1, 3),
(9142, 28, '241FA07016', 14, 2, 4),
(9143, 28, '241FA07016', 14, 3, 3),
(9144, 28, '241FA07016', 14, 4, 5),
(9145, 28, '241FA07016', 14, 5, 5),
(9146, 28, '241FA07016', 14, 6, 5),
(9147, 28, '241FA07016', 14, 7, 4),
(9148, 28, '241FA07016', 14, 8, 5),
(9149, 28, '241FA07016', 14, 9, 3),
(9150, 28, '241FA07016', 14, 10, 4),
(9151, 28, '241FA07016', 9, 1, 5),
(9152, 28, '241FA07016', 9, 2, 3),
(9153, 28, '241FA07016', 9, 3, 5),
(9154, 28, '241FA07016', 9, 4, 3),
(9155, 28, '241FA07016', 9, 5, 3),
(9156, 28, '241FA07016', 9, 6, 3),
(9157, 28, '241FA07016', 9, 7, 4),
(9158, 28, '241FA07016', 9, 8, 4),
(9159, 28, '241FA07016', 9, 9, 3),
(9160, 28, '241FA07016', 9, 10, 5),
(9161, 28, '241FA07016', 18, 1, 2),
(9162, 28, '241FA07016', 18, 2, 4),
(9163, 28, '241FA07016', 18, 3, 3),
(9164, 28, '241FA07016', 18, 4, 5),
(9165, 28, '241FA07016', 18, 5, 4),
(9166, 28, '241FA07016', 18, 6, 3),
(9167, 28, '241FA07016', 18, 7, 4),
(9168, 28, '241FA07016', 18, 8, 5),
(9169, 28, '241FA07016', 18, 9, 3),
(9170, 28, '241FA07016', 18, 10, 4),
(9171, 28, '241FA07016', 4, 1, 5),
(9172, 28, '241FA07016', 4, 2, 1),
(9173, 28, '241FA07016', 4, 3, 5),
(9174, 28, '241FA07016', 4, 4, 2),
(9175, 28, '241FA07016', 4, 5, 3),
(9176, 28, '241FA07016', 4, 6, 4),
(9177, 28, '241FA07016', 4, 7, 4),
(9178, 28, '241FA07016', 4, 8, 3),
(9179, 28, '241FA07016', 4, 9, 3),
(9180, 28, '241FA07016', 4, 10, 1),
(9181, 28, '241FA07017', 14, 1, 5),
(9182, 28, '241FA07017', 14, 2, 3),
(9183, 28, '241FA07017', 14, 3, 4),
(9184, 28, '241FA07017', 14, 4, 3),
(9185, 28, '241FA07017', 14, 5, 3),
(9186, 28, '241FA07017', 14, 6, 1),
(9187, 28, '241FA07017', 14, 7, 1),
(9188, 28, '241FA07017', 14, 8, 3),
(9189, 28, '241FA07017', 14, 9, 2),
(9190, 28, '241FA07017', 14, 10, 3),
(9191, 28, '241FA07017', 9, 1, 5),
(9192, 28, '241FA07017', 9, 2, 3),
(9193, 28, '241FA07017', 9, 3, 3),
(9194, 28, '241FA07017', 9, 4, 4),
(9195, 28, '241FA07017', 9, 5, 4),
(9196, 28, '241FA07017', 9, 6, 4),
(9197, 28, '241FA07017', 9, 7, 5),
(9198, 28, '241FA07017', 9, 8, 4),
(9199, 28, '241FA07017', 9, 9, 5),
(9200, 28, '241FA07017', 9, 10, 5),
(9201, 28, '241FA07017', 18, 1, 4),
(9202, 28, '241FA07017', 18, 2, 3),
(9203, 28, '241FA07017', 18, 3, 4),
(9204, 28, '241FA07017', 18, 4, 5),
(9205, 28, '241FA07017', 18, 5, 5),
(9206, 28, '241FA07017', 18, 6, 3),
(9207, 28, '241FA07017', 18, 7, 4),
(9208, 28, '241FA07017', 18, 8, 5),
(9209, 28, '241FA07017', 18, 9, 1),
(9210, 28, '241FA07017', 18, 10, 5),
(9211, 28, '241FA07017', 4, 1, 5),
(9212, 28, '241FA07017', 4, 2, 5),
(9213, 28, '241FA07017', 4, 3, 5),
(9214, 28, '241FA07017', 4, 4, 4),
(9215, 28, '241FA07017', 4, 5, 3),
(9216, 28, '241FA07017', 4, 6, 3),
(9217, 28, '241FA07017', 4, 7, 4),
(9218, 28, '241FA07017', 4, 8, 5),
(9219, 28, '241FA07017', 4, 9, 4),
(9220, 28, '241FA07017', 4, 10, 3),
(9221, 28, '241FA07018', 14, 1, 5),
(9222, 28, '241FA07018', 14, 2, 4),
(9223, 28, '241FA07018', 14, 3, 4),
(9224, 28, '241FA07018', 14, 4, 4),
(9225, 28, '241FA07018', 14, 5, 5),
(9226, 28, '241FA07018', 14, 6, 4),
(9227, 28, '241FA07018', 14, 7, 5),
(9228, 28, '241FA07018', 14, 8, 4),
(9229, 28, '241FA07018', 14, 9, 3),
(9230, 28, '241FA07018', 14, 10, 5),
(9231, 28, '241FA07018', 9, 1, 4),
(9232, 28, '241FA07018', 9, 2, 1),
(9233, 28, '241FA07018', 9, 3, 4),
(9234, 28, '241FA07018', 9, 4, 3),
(9235, 28, '241FA07018', 9, 5, 5),
(9236, 28, '241FA07018', 9, 6, 4),
(9237, 28, '241FA07018', 9, 7, 5),
(9238, 28, '241FA07018', 9, 8, 4),
(9239, 28, '241FA07018', 9, 9, 5),
(9240, 28, '241FA07018', 9, 10, 5),
(9241, 28, '241FA07018', 18, 1, 4),
(9242, 28, '241FA07018', 18, 2, 3),
(9243, 28, '241FA07018', 18, 3, 4),
(9244, 28, '241FA07018', 18, 4, 4),
(9245, 28, '241FA07018', 18, 5, 5),
(9246, 28, '241FA07018', 18, 6, 5),
(9247, 28, '241FA07018', 18, 7, 5),
(9248, 28, '241FA07018', 18, 8, 3),
(9249, 28, '241FA07018', 18, 9, 2),
(9250, 28, '241FA07018', 18, 10, 3),
(9251, 28, '241FA07018', 4, 1, 2),
(9252, 28, '241FA07018', 4, 2, 5),
(9253, 28, '241FA07018', 4, 3, 5),
(9254, 28, '241FA07018', 4, 4, 2),
(9255, 28, '241FA07018', 4, 5, 5),
(9256, 28, '241FA07018', 4, 6, 5),
(9257, 28, '241FA07018', 4, 7, 5),
(9258, 28, '241FA07018', 4, 8, 1),
(9259, 28, '241FA07018', 4, 9, 5),
(9260, 28, '241FA07018', 4, 10, 5),
(9261, 28, '241FA07019', 14, 1, 3),
(9262, 28, '241FA07019', 14, 2, 4),
(9263, 28, '241FA07019', 14, 3, 5),
(9264, 28, '241FA07019', 14, 4, 4),
(9265, 28, '241FA07019', 14, 5, 3),
(9266, 28, '241FA07019', 14, 6, 5),
(9267, 28, '241FA07019', 14, 7, 5),
(9268, 28, '241FA07019', 14, 8, 5),
(9269, 28, '241FA07019', 14, 9, 5),
(9270, 28, '241FA07019', 14, 10, 5),
(9271, 28, '241FA07019', 9, 1, 3),
(9272, 28, '241FA07019', 9, 2, 5),
(9273, 28, '241FA07019', 9, 3, 4),
(9274, 28, '241FA07019', 9, 4, 4),
(9275, 28, '241FA07019', 9, 5, 5),
(9276, 28, '241FA07019', 9, 6, 2),
(9277, 28, '241FA07019', 9, 7, 5),
(9278, 28, '241FA07019', 9, 8, 5),
(9279, 28, '241FA07019', 9, 9, 4),
(9280, 28, '241FA07019', 9, 10, 3),
(9281, 28, '241FA07019', 18, 1, 4),
(9282, 28, '241FA07019', 18, 2, 5),
(9283, 28, '241FA07019', 18, 3, 5),
(9284, 28, '241FA07019', 18, 4, 5),
(9285, 28, '241FA07019', 18, 5, 4),
(9286, 28, '241FA07019', 18, 6, 3),
(9287, 28, '241FA07019', 18, 7, 4),
(9288, 28, '241FA07019', 18, 8, 4),
(9289, 28, '241FA07019', 18, 9, 4),
(9290, 28, '241FA07019', 18, 10, 5),
(9291, 28, '241FA07019', 4, 1, 3),
(9292, 28, '241FA07019', 4, 2, 5),
(9293, 28, '241FA07019', 4, 3, 4),
(9294, 28, '241FA07019', 4, 4, 4),
(9295, 28, '241FA07019', 4, 5, 5),
(9296, 28, '241FA07019', 4, 6, 5),
(9297, 28, '241FA07019', 4, 7, 3),
(9298, 28, '241FA07019', 4, 8, 1),
(9299, 28, '241FA07019', 4, 9, 5),
(9300, 28, '241FA07019', 4, 10, 3),
(9301, 28, '241FA07020', 14, 1, 4),
(9302, 28, '241FA07020', 14, 2, 5),
(9303, 28, '241FA07020', 14, 3, 5),
(9304, 28, '241FA07020', 14, 4, 4),
(9305, 28, '241FA07020', 14, 5, 4),
(9306, 28, '241FA07020', 14, 6, 5),
(9307, 28, '241FA07020', 14, 7, 4),
(9308, 28, '241FA07020', 14, 8, 5),
(9309, 28, '241FA07020', 14, 9, 5),
(9310, 28, '241FA07020', 14, 10, 4),
(9311, 28, '241FA07020', 9, 1, 5),
(9312, 28, '241FA07020', 9, 2, 3),
(9313, 28, '241FA07020', 9, 3, 5),
(9314, 28, '241FA07020', 9, 4, 3),
(9315, 28, '241FA07020', 9, 5, 4),
(9316, 28, '241FA07020', 9, 6, 5),
(9317, 28, '241FA07020', 9, 7, 5),
(9318, 28, '241FA07020', 9, 8, 3),
(9319, 28, '241FA07020', 9, 9, 1),
(9320, 28, '241FA07020', 9, 10, 4),
(9321, 28, '241FA07020', 18, 1, 4),
(9322, 28, '241FA07020', 18, 2, 4),
(9323, 28, '241FA07020', 18, 3, 4),
(9324, 28, '241FA07020', 18, 4, 5),
(9325, 28, '241FA07020', 18, 5, 5),
(9326, 28, '241FA07020', 18, 6, 5),
(9327, 28, '241FA07020', 18, 7, 3),
(9328, 28, '241FA07020', 18, 8, 5),
(9329, 28, '241FA07020', 18, 9, 3),
(9330, 28, '241FA07020', 18, 10, 2),
(9331, 28, '241FA07020', 4, 1, 5),
(9332, 28, '241FA07020', 4, 2, 4),
(9333, 28, '241FA07020', 4, 3, 4),
(9334, 28, '241FA07020', 4, 4, 4),
(9335, 28, '241FA07020', 4, 5, 1),
(9336, 28, '241FA07020', 4, 6, 5),
(9337, 28, '241FA07020', 4, 7, 4),
(9338, 28, '241FA07020', 4, 8, 5),
(9339, 28, '241FA07020', 4, 9, 5),
(9340, 28, '241FA07020', 4, 10, 3),
(9341, 28, '241FA07022', 14, 1, 5),
(9342, 28, '241FA07022', 14, 2, 1),
(9343, 28, '241FA07022', 14, 3, 3),
(9344, 28, '241FA07022', 14, 4, 3),
(9345, 28, '241FA07022', 14, 5, 4),
(9346, 28, '241FA07022', 14, 6, 3),
(9347, 28, '241FA07022', 14, 7, 4),
(9348, 28, '241FA07022', 14, 8, 5),
(9349, 28, '241FA07022', 14, 9, 5),
(9350, 28, '241FA07022', 14, 10, 3),
(9351, 28, '241FA07022', 9, 1, 5),
(9352, 28, '241FA07022', 9, 2, 5),
(9353, 28, '241FA07022', 9, 3, 1),
(9354, 28, '241FA07022', 9, 4, 5),
(9355, 28, '241FA07022', 9, 5, 2),
(9356, 28, '241FA07022', 9, 6, 5),
(9357, 28, '241FA07022', 9, 7, 5),
(9358, 28, '241FA07022', 9, 8, 3),
(9359, 28, '241FA07022', 9, 9, 4),
(9360, 28, '241FA07022', 9, 10, 5),
(9361, 28, '241FA07022', 18, 1, 3),
(9362, 28, '241FA07022', 18, 2, 3),
(9363, 28, '241FA07022', 18, 3, 5),
(9364, 28, '241FA07022', 18, 4, 3),
(9365, 28, '241FA07022', 18, 5, 5),
(9366, 28, '241FA07022', 18, 6, 2),
(9367, 28, '241FA07022', 18, 7, 4),
(9368, 28, '241FA07022', 18, 8, 4),
(9369, 28, '241FA07022', 18, 9, 3),
(9370, 28, '241FA07022', 18, 10, 4),
(9371, 28, '241FA07022', 4, 1, 5),
(9372, 28, '241FA07022', 4, 2, 3),
(9373, 28, '241FA07022', 4, 3, 3),
(9374, 28, '241FA07022', 4, 4, 5),
(9375, 28, '241FA07022', 4, 5, 3),
(9376, 28, '241FA07022', 4, 6, 5),
(9377, 28, '241FA07022', 4, 7, 4),
(9378, 28, '241FA07022', 4, 8, 5),
(9379, 28, '241FA07022', 4, 9, 4),
(9380, 28, '241FA07022', 4, 10, 3),
(9381, 28, '241FA07023', 14, 1, 5),
(9382, 28, '241FA07023', 14, 2, 4),
(9383, 28, '241FA07023', 14, 3, 3),
(9384, 28, '241FA07023', 14, 4, 5),
(9385, 28, '241FA07023', 14, 5, 3),
(9386, 28, '241FA07023', 14, 6, 4),
(9387, 28, '241FA07023', 14, 7, 5),
(9388, 28, '241FA07023', 14, 8, 3),
(9389, 28, '241FA07023', 14, 9, 3),
(9390, 28, '241FA07023', 14, 10, 5),
(9391, 28, '241FA07023', 9, 1, 4),
(9392, 28, '241FA07023', 9, 2, 1),
(9393, 28, '241FA07023', 9, 3, 4),
(9394, 28, '241FA07023', 9, 4, 2),
(9395, 28, '241FA07023', 9, 5, 3),
(9396, 28, '241FA07023', 9, 6, 2),
(9397, 28, '241FA07023', 9, 7, 1),
(9398, 28, '241FA07023', 9, 8, 5),
(9399, 28, '241FA07023', 9, 9, 5),
(9400, 28, '241FA07023', 9, 10, 4),
(9401, 28, '241FA07023', 18, 1, 4),
(9402, 28, '241FA07023', 18, 2, 5),
(9403, 28, '241FA07023', 18, 3, 5),
(9404, 28, '241FA07023', 18, 4, 4),
(9405, 28, '241FA07023', 18, 5, 5),
(9406, 28, '241FA07023', 18, 6, 3),
(9407, 28, '241FA07023', 18, 7, 5),
(9408, 28, '241FA07023', 18, 8, 4),
(9409, 28, '241FA07023', 18, 9, 1),
(9410, 28, '241FA07023', 18, 10, 5),
(9411, 28, '241FA07023', 4, 1, 1),
(9412, 28, '241FA07023', 4, 2, 3),
(9413, 28, '241FA07023', 4, 3, 3),
(9414, 28, '241FA07023', 4, 4, 2),
(9415, 28, '241FA07023', 4, 5, 4),
(9416, 28, '241FA07023', 4, 6, 5),
(9417, 28, '241FA07023', 4, 7, 5),
(9418, 28, '241FA07023', 4, 8, 4),
(9419, 28, '241FA07023', 4, 9, 5),
(9420, 28, '241FA07023', 4, 10, 5),
(9421, 28, '241FA07025', 14, 1, 5),
(9422, 28, '241FA07025', 14, 2, 4),
(9423, 28, '241FA07025', 14, 3, 4),
(9424, 28, '241FA07025', 14, 4, 5),
(9425, 28, '241FA07025', 14, 5, 5),
(9426, 28, '241FA07025', 14, 6, 3),
(9427, 28, '241FA07025', 14, 7, 3),
(9428, 28, '241FA07025', 14, 8, 3),
(9429, 28, '241FA07025', 14, 9, 4),
(9430, 28, '241FA07025', 14, 10, 4),
(9431, 28, '241FA07025', 9, 1, 5),
(9432, 28, '241FA07025', 9, 2, 3),
(9433, 28, '241FA07025', 9, 3, 5),
(9434, 28, '241FA07025', 9, 4, 1),
(9435, 28, '241FA07025', 9, 5, 1),
(9436, 28, '241FA07025', 9, 6, 4),
(9437, 28, '241FA07025', 9, 7, 4),
(9438, 28, '241FA07025', 9, 8, 4),
(9439, 28, '241FA07025', 9, 9, 4),
(9440, 28, '241FA07025', 9, 10, 3),
(9441, 28, '241FA07025', 18, 1, 3),
(9442, 28, '241FA07025', 18, 2, 5),
(9443, 28, '241FA07025', 18, 3, 4),
(9444, 28, '241FA07025', 18, 4, 4),
(9445, 28, '241FA07025', 18, 5, 4),
(9446, 28, '241FA07025', 18, 6, 5),
(9447, 28, '241FA07025', 18, 7, 3),
(9448, 28, '241FA07025', 18, 8, 5),
(9449, 28, '241FA07025', 18, 9, 5),
(9450, 28, '241FA07025', 18, 10, 5),
(9451, 28, '241FA07025', 4, 1, 5),
(9452, 28, '241FA07025', 4, 2, 4),
(9453, 28, '241FA07025', 4, 3, 4),
(9454, 28, '241FA07025', 4, 4, 4),
(9455, 28, '241FA07025', 4, 5, 5),
(9456, 28, '241FA07025', 4, 6, 1),
(9457, 28, '241FA07025', 4, 7, 5),
(9458, 28, '241FA07025', 4, 8, 4),
(9459, 28, '241FA07025', 4, 9, 5),
(9460, 28, '241FA07025', 4, 10, 5),
(9461, 28, '241FA07027', 14, 1, 4),
(9462, 28, '241FA07027', 14, 2, 4),
(9463, 28, '241FA07027', 14, 3, 5),
(9464, 28, '241FA07027', 14, 4, 5),
(9465, 28, '241FA07027', 14, 5, 5),
(9466, 28, '241FA07027', 14, 6, 3),
(9467, 28, '241FA07027', 14, 7, 5),
(9468, 28, '241FA07027', 14, 8, 5),
(9469, 28, '241FA07027', 14, 9, 5),
(9470, 28, '241FA07027', 14, 10, 5),
(9471, 28, '241FA07027', 9, 1, 5),
(9472, 28, '241FA07027', 9, 2, 3),
(9473, 28, '241FA07027', 9, 3, 3),
(9474, 28, '241FA07027', 9, 4, 3),
(9475, 28, '241FA07027', 9, 5, 4),
(9476, 28, '241FA07027', 9, 6, 5),
(9477, 28, '241FA07027', 9, 7, 5),
(9478, 28, '241FA07027', 9, 8, 5),
(9479, 28, '241FA07027', 9, 9, 4),
(9480, 28, '241FA07027', 9, 10, 4),
(9481, 28, '241FA07027', 18, 1, 5),
(9482, 28, '241FA07027', 18, 2, 5),
(9483, 28, '241FA07027', 18, 3, 4),
(9484, 28, '241FA07027', 18, 4, 5),
(9485, 28, '241FA07027', 18, 5, 5),
(9486, 28, '241FA07027', 18, 6, 4),
(9487, 28, '241FA07027', 18, 7, 2),
(9488, 28, '241FA07027', 18, 8, 5),
(9489, 28, '241FA07027', 18, 9, 4),
(9490, 28, '241FA07027', 18, 10, 5),
(9491, 28, '241FA07027', 4, 1, 5),
(9492, 28, '241FA07027', 4, 2, 5),
(9493, 28, '241FA07027', 4, 3, 3),
(9494, 28, '241FA07027', 4, 4, 4),
(9495, 28, '241FA07027', 4, 5, 5),
(9496, 28, '241FA07027', 4, 6, 3),
(9497, 28, '241FA07027', 4, 7, 4),
(9498, 28, '241FA07027', 4, 8, 5),
(9499, 28, '241FA07027', 4, 9, 5),
(9500, 28, '241FA07027', 4, 10, 5),
(9501, 28, '241FA07028', 14, 1, 2),
(9502, 28, '241FA07028', 14, 2, 5),
(9503, 28, '241FA07028', 14, 3, 5),
(9504, 28, '241FA07028', 14, 4, 3),
(9505, 28, '241FA07028', 14, 5, 4),
(9506, 28, '241FA07028', 14, 6, 4),
(9507, 28, '241FA07028', 14, 7, 3),
(9508, 28, '241FA07028', 14, 8, 4),
(9509, 28, '241FA07028', 14, 9, 4),
(9510, 28, '241FA07028', 14, 10, 5),
(9511, 28, '241FA07028', 9, 1, 5),
(9512, 28, '241FA07028', 9, 2, 5),
(9513, 28, '241FA07028', 9, 3, 3),
(9514, 28, '241FA07028', 9, 4, 5),
(9515, 28, '241FA07028', 9, 5, 4),
(9516, 28, '241FA07028', 9, 6, 1),
(9517, 28, '241FA07028', 9, 7, 3),
(9518, 28, '241FA07028', 9, 8, 5),
(9519, 28, '241FA07028', 9, 9, 3),
(9520, 28, '241FA07028', 9, 10, 3),
(9521, 28, '241FA07028', 18, 1, 4),
(9522, 28, '241FA07028', 18, 2, 4),
(9523, 28, '241FA07028', 18, 3, 4),
(9524, 28, '241FA07028', 18, 4, 2),
(9525, 28, '241FA07028', 18, 5, 5),
(9526, 28, '241FA07028', 18, 6, 5),
(9527, 28, '241FA07028', 18, 7, 3),
(9528, 28, '241FA07028', 18, 8, 4),
(9529, 28, '241FA07028', 18, 9, 5),
(9530, 28, '241FA07028', 18, 10, 5),
(9531, 28, '241FA07028', 4, 1, 4),
(9532, 28, '241FA07028', 4, 2, 5),
(9533, 28, '241FA07028', 4, 3, 5),
(9534, 28, '241FA07028', 4, 4, 3),
(9535, 28, '241FA07028', 4, 5, 5),
(9536, 28, '241FA07028', 4, 6, 3),
(9537, 28, '241FA07028', 4, 7, 5),
(9538, 28, '241FA07028', 4, 8, 4),
(9539, 28, '241FA07028', 4, 9, 5),
(9540, 28, '241FA07028', 4, 10, 4),
(9541, 28, '241FA07031', 14, 1, 3),
(9542, 28, '241FA07031', 14, 2, 4),
(9543, 28, '241FA07031', 14, 3, 3),
(9544, 28, '241FA07031', 14, 4, 4),
(9545, 28, '241FA07031', 14, 5, 5),
(9546, 28, '241FA07031', 14, 6, 1),
(9547, 28, '241FA07031', 14, 7, 4),
(9548, 28, '241FA07031', 14, 8, 5),
(9549, 28, '241FA07031', 14, 9, 5),
(9550, 28, '241FA07031', 14, 10, 2),
(9551, 28, '241FA07031', 9, 1, 3),
(9552, 28, '241FA07031', 9, 2, 3),
(9553, 28, '241FA07031', 9, 3, 5),
(9554, 28, '241FA07031', 9, 4, 3),
(9555, 28, '241FA07031', 9, 5, 4),
(9556, 28, '241FA07031', 9, 6, 4),
(9557, 28, '241FA07031', 9, 7, 3),
(9558, 28, '241FA07031', 9, 8, 3),
(9559, 28, '241FA07031', 9, 9, 4),
(9560, 28, '241FA07031', 9, 10, 4),
(9561, 28, '241FA07031', 18, 1, 2),
(9562, 28, '241FA07031', 18, 2, 4),
(9563, 28, '241FA07031', 18, 3, 5),
(9564, 28, '241FA07031', 18, 4, 5),
(9565, 28, '241FA07031', 18, 5, 4),
(9566, 28, '241FA07031', 18, 6, 3),
(9567, 28, '241FA07031', 18, 7, 5),
(9568, 28, '241FA07031', 18, 8, 4),
(9569, 28, '241FA07031', 18, 9, 5),
(9570, 28, '241FA07031', 18, 10, 3),
(9571, 28, '241FA07031', 4, 1, 5),
(9572, 28, '241FA07031', 4, 2, 4),
(9573, 28, '241FA07031', 4, 3, 5),
(9574, 28, '241FA07031', 4, 4, 5),
(9575, 28, '241FA07031', 4, 5, 4),
(9576, 28, '241FA07031', 4, 6, 5),
(9577, 28, '241FA07031', 4, 7, 3),
(9578, 28, '241FA07031', 4, 8, 4),
(9579, 28, '241FA07031', 4, 9, 5),
(9580, 28, '241FA07031', 4, 10, 4),
(9581, 28, '241FA07032', 14, 1, 3),
(9582, 28, '241FA07032', 14, 2, 5),
(9583, 28, '241FA07032', 14, 3, 4),
(9584, 28, '241FA07032', 14, 4, 4),
(9585, 28, '241FA07032', 14, 5, 3),
(9586, 28, '241FA07032', 14, 6, 4),
(9587, 28, '241FA07032', 14, 7, 3),
(9588, 28, '241FA07032', 14, 8, 4),
(9589, 28, '241FA07032', 14, 9, 4),
(9590, 28, '241FA07032', 14, 10, 5),
(9591, 28, '241FA07032', 9, 1, 5),
(9592, 28, '241FA07032', 9, 2, 3),
(9593, 28, '241FA07032', 9, 3, 5),
(9594, 28, '241FA07032', 9, 4, 5),
(9595, 28, '241FA07032', 9, 5, 5),
(9596, 28, '241FA07032', 9, 6, 4),
(9597, 28, '241FA07032', 9, 7, 4),
(9598, 28, '241FA07032', 9, 8, 5),
(9599, 28, '241FA07032', 9, 9, 5),
(9600, 28, '241FA07032', 9, 10, 4),
(9601, 28, '241FA07032', 18, 1, 5),
(9602, 28, '241FA07032', 18, 2, 3),
(9603, 28, '241FA07032', 18, 3, 3),
(9604, 28, '241FA07032', 18, 4, 4),
(9605, 28, '241FA07032', 18, 5, 5),
(9606, 28, '241FA07032', 18, 6, 2),
(9607, 28, '241FA07032', 18, 7, 1),
(9608, 28, '241FA07032', 18, 8, 3),
(9609, 28, '241FA07032', 18, 9, 2),
(9610, 28, '241FA07032', 18, 10, 4),
(9611, 28, '241FA07032', 4, 1, 3),
(9612, 28, '241FA07032', 4, 2, 4),
(9613, 28, '241FA07032', 4, 3, 1),
(9614, 28, '241FA07032', 4, 4, 2),
(9615, 28, '241FA07032', 4, 5, 4),
(9616, 28, '241FA07032', 4, 6, 5),
(9617, 28, '241FA07032', 4, 7, 5),
(9618, 28, '241FA07032', 4, 8, 4),
(9619, 28, '241FA07032', 4, 9, 4),
(9620, 28, '241FA07032', 4, 10, 5),
(9621, 28, '241FA07034', 14, 1, 5),
(9622, 28, '241FA07034', 14, 2, 5),
(9623, 28, '241FA07034', 14, 3, 4),
(9624, 28, '241FA07034', 14, 4, 5),
(9625, 28, '241FA07034', 14, 5, 3),
(9626, 28, '241FA07034', 14, 6, 4),
(9627, 28, '241FA07034', 14, 7, 5),
(9628, 28, '241FA07034', 14, 8, 1),
(9629, 28, '241FA07034', 14, 9, 1),
(9630, 28, '241FA07034', 14, 10, 3),
(9631, 28, '241FA07034', 9, 1, 3),
(9632, 28, '241FA07034', 9, 2, 5),
(9633, 28, '241FA07034', 9, 3, 3),
(9634, 28, '241FA07034', 9, 4, 4),
(9635, 28, '241FA07034', 9, 5, 4),
(9636, 28, '241FA07034', 9, 6, 3),
(9637, 28, '241FA07034', 9, 7, 5),
(9638, 28, '241FA07034', 9, 8, 5),
(9639, 28, '241FA07034', 9, 9, 4),
(9640, 28, '241FA07034', 9, 10, 4),
(9641, 28, '241FA07034', 18, 1, 3),
(9642, 28, '241FA07034', 18, 2, 3),
(9643, 28, '241FA07034', 18, 3, 4),
(9644, 28, '241FA07034', 18, 4, 5),
(9645, 28, '241FA07034', 18, 5, 3),
(9646, 28, '241FA07034', 18, 6, 2),
(9647, 28, '241FA07034', 18, 7, 4),
(9648, 28, '241FA07034', 18, 8, 4),
(9649, 28, '241FA07034', 18, 9, 5),
(9650, 28, '241FA07034', 18, 10, 1),
(9651, 28, '241FA07034', 4, 1, 4),
(9652, 28, '241FA07034', 4, 2, 4),
(9653, 28, '241FA07034', 4, 3, 4),
(9654, 28, '241FA07034', 4, 4, 5),
(9655, 28, '241FA07034', 4, 5, 5),
(9656, 28, '241FA07034', 4, 6, 4),
(9657, 28, '241FA07034', 4, 7, 3),
(9658, 28, '241FA07034', 4, 8, 5),
(9659, 28, '241FA07034', 4, 9, 5),
(9660, 28, '241FA07034', 4, 10, 3),
(9661, 28, '241FA07038', 14, 1, 4),
(9662, 28, '241FA07038', 14, 2, 4),
(9663, 28, '241FA07038', 14, 3, 4),
(9664, 28, '241FA07038', 14, 4, 3),
(9665, 28, '241FA07038', 14, 5, 5),
(9666, 28, '241FA07038', 14, 6, 3),
(9667, 28, '241FA07038', 14, 7, 4),
(9668, 28, '241FA07038', 14, 8, 5),
(9669, 28, '241FA07038', 14, 9, 4),
(9670, 28, '241FA07038', 14, 10, 5),
(9671, 28, '241FA07038', 9, 1, 5),
(9672, 28, '241FA07038', 9, 2, 5),
(9673, 28, '241FA07038', 9, 3, 3),
(9674, 28, '241FA07038', 9, 4, 3),
(9675, 28, '241FA07038', 9, 5, 3),
(9676, 28, '241FA07038', 9, 6, 5),
(9677, 28, '241FA07038', 9, 7, 4),
(9678, 28, '241FA07038', 9, 8, 2),
(9679, 28, '241FA07038', 9, 9, 3),
(9680, 28, '241FA07038', 9, 10, 5),
(9681, 28, '241FA07038', 18, 1, 5),
(9682, 28, '241FA07038', 18, 2, 4),
(9683, 28, '241FA07038', 18, 3, 3),
(9684, 28, '241FA07038', 18, 4, 5),
(9685, 28, '241FA07038', 18, 5, 5),
(9686, 28, '241FA07038', 18, 6, 4),
(9687, 28, '241FA07038', 18, 7, 5),
(9688, 28, '241FA07038', 18, 8, 3),
(9689, 28, '241FA07038', 18, 9, 5),
(9690, 28, '241FA07038', 18, 10, 5),
(9691, 28, '241FA07038', 4, 1, 4),
(9692, 28, '241FA07038', 4, 2, 5),
(9693, 28, '241FA07038', 4, 3, 3),
(9694, 28, '241FA07038', 4, 4, 4),
(9695, 28, '241FA07038', 4, 5, 4),
(9696, 28, '241FA07038', 4, 6, 4),
(9697, 28, '241FA07038', 4, 7, 5),
(9698, 28, '241FA07038', 4, 8, 5),
(9699, 28, '241FA07038', 4, 9, 4),
(9700, 28, '241FA07038', 4, 10, 5),
(9701, 28, '241FA07040', 14, 1, 3),
(9702, 28, '241FA07040', 14, 2, 4),
(9703, 28, '241FA07040', 14, 3, 3),
(9704, 28, '241FA07040', 14, 4, 5),
(9705, 28, '241FA07040', 14, 5, 5),
(9706, 28, '241FA07040', 14, 6, 5),
(9707, 28, '241FA07040', 14, 7, 5),
(9708, 28, '241FA07040', 14, 8, 5),
(9709, 28, '241FA07040', 14, 9, 3),
(9710, 28, '241FA07040', 14, 10, 5),
(9711, 28, '241FA07040', 9, 1, 3),
(9712, 28, '241FA07040', 9, 2, 3),
(9713, 28, '241FA07040', 9, 3, 5),
(9714, 28, '241FA07040', 9, 4, 5),
(9715, 28, '241FA07040', 9, 5, 5),
(9716, 28, '241FA07040', 9, 6, 4),
(9717, 28, '241FA07040', 9, 7, 4),
(9718, 28, '241FA07040', 9, 8, 3),
(9719, 28, '241FA07040', 9, 9, 3),
(9720, 28, '241FA07040', 9, 10, 5),
(9721, 28, '241FA07040', 18, 1, 4),
(9722, 28, '241FA07040', 18, 2, 4),
(9723, 28, '241FA07040', 18, 3, 3),
(9724, 28, '241FA07040', 18, 4, 5),
(9725, 28, '241FA07040', 18, 5, 5),
(9726, 28, '241FA07040', 18, 6, 5),
(9727, 28, '241FA07040', 18, 7, 5),
(9728, 28, '241FA07040', 18, 8, 5),
(9729, 28, '241FA07040', 18, 9, 3),
(9730, 28, '241FA07040', 18, 10, 3),
(9731, 28, '241FA07040', 4, 1, 5),
(9732, 28, '241FA07040', 4, 2, 4),
(9733, 28, '241FA07040', 4, 3, 4),
(9734, 28, '241FA07040', 4, 4, 2),
(9735, 28, '241FA07040', 4, 5, 5),
(9736, 28, '241FA07040', 4, 6, 4),
(9737, 28, '241FA07040', 4, 7, 5),
(9738, 28, '241FA07040', 4, 8, 5),
(9739, 28, '241FA07040', 4, 9, 3),
(9740, 28, '241FA07040', 4, 10, 3),
(9741, 28, '241FA07042', 14, 1, 3),
(9742, 28, '241FA07042', 14, 2, 3),
(9743, 28, '241FA07042', 14, 3, 5),
(9744, 28, '241FA07042', 14, 4, 1),
(9745, 28, '241FA07042', 14, 5, 4),
(9746, 28, '241FA07042', 14, 6, 5),
(9747, 28, '241FA07042', 14, 7, 3),
(9748, 28, '241FA07042', 14, 8, 2),
(9749, 28, '241FA07042', 14, 9, 5),
(9750, 28, '241FA07042', 14, 10, 3),
(9751, 28, '241FA07042', 9, 1, 1),
(9752, 28, '241FA07042', 9, 2, 3),
(9753, 28, '241FA07042', 9, 3, 3),
(9754, 28, '241FA07042', 9, 4, 3),
(9755, 28, '241FA07042', 9, 5, 4),
(9756, 28, '241FA07042', 9, 6, 3),
(9757, 28, '241FA07042', 9, 7, 5),
(9758, 28, '241FA07042', 9, 8, 5),
(9759, 28, '241FA07042', 9, 9, 4),
(9760, 28, '241FA07042', 9, 10, 1),
(9761, 28, '241FA07042', 18, 1, 5),
(9762, 28, '241FA07042', 18, 2, 5),
(9763, 28, '241FA07042', 18, 3, 3),
(9764, 28, '241FA07042', 18, 4, 5),
(9765, 28, '241FA07042', 18, 5, 5),
(9766, 28, '241FA07042', 18, 6, 4),
(9767, 28, '241FA07042', 18, 7, 5),
(9768, 28, '241FA07042', 18, 8, 1),
(9769, 28, '241FA07042', 18, 9, 3),
(9770, 28, '241FA07042', 18, 10, 5),
(9771, 28, '241FA07042', 4, 1, 5),
(9772, 28, '241FA07042', 4, 2, 3),
(9773, 28, '241FA07042', 4, 3, 5),
(9774, 28, '241FA07042', 4, 4, 5),
(9775, 28, '241FA07042', 4, 5, 5),
(9776, 28, '241FA07042', 4, 6, 3),
(9777, 28, '241FA07042', 4, 7, 5),
(9778, 28, '241FA07042', 4, 8, 3),
(9779, 28, '241FA07042', 4, 9, 3),
(9780, 28, '241FA07042', 4, 10, 5),
(9781, 28, '241FA07043', 14, 1, 5),
(9782, 28, '241FA07043', 14, 2, 2),
(9783, 28, '241FA07043', 14, 3, 2),
(9784, 28, '241FA07043', 14, 4, 2),
(9785, 28, '241FA07043', 14, 5, 3),
(9786, 28, '241FA07043', 14, 6, 5),
(9787, 28, '241FA07043', 14, 7, 3),
(9788, 28, '241FA07043', 14, 8, 5),
(9789, 28, '241FA07043', 14, 9, 4),
(9790, 28, '241FA07043', 14, 10, 5),
(9791, 28, '241FA07043', 9, 1, 4),
(9792, 28, '241FA07043', 9, 2, 4),
(9793, 28, '241FA07043', 9, 3, 3),
(9794, 28, '241FA07043', 9, 4, 5),
(9795, 28, '241FA07043', 9, 5, 5),
(9796, 28, '241FA07043', 9, 6, 5),
(9797, 28, '241FA07043', 9, 7, 5),
(9798, 28, '241FA07043', 9, 8, 4),
(9799, 28, '241FA07043', 9, 9, 4),
(9800, 28, '241FA07043', 9, 10, 3),
(9801, 28, '241FA07043', 18, 1, 4),
(9802, 28, '241FA07043', 18, 2, 5),
(9803, 28, '241FA07043', 18, 3, 3),
(9804, 28, '241FA07043', 18, 4, 5),
(9805, 28, '241FA07043', 18, 5, 5),
(9806, 28, '241FA07043', 18, 6, 1),
(9807, 28, '241FA07043', 18, 7, 1),
(9808, 28, '241FA07043', 18, 8, 5),
(9809, 28, '241FA07043', 18, 9, 4),
(9810, 28, '241FA07043', 18, 10, 3),
(9811, 28, '241FA07043', 4, 1, 4),
(9812, 28, '241FA07043', 4, 2, 4),
(9813, 28, '241FA07043', 4, 3, 4),
(9814, 28, '241FA07043', 4, 4, 3),
(9815, 28, '241FA07043', 4, 5, 5),
(9816, 28, '241FA07043', 4, 6, 3),
(9817, 28, '241FA07043', 4, 7, 3),
(9818, 28, '241FA07043', 4, 8, 4),
(9819, 28, '241FA07043', 4, 9, 2),
(9820, 28, '241FA07043', 4, 10, 3),
(9821, 28, '241FA07045', 14, 1, 4),
(9822, 28, '241FA07045', 14, 2, 5),
(9823, 28, '241FA07045', 14, 3, 3),
(9824, 28, '241FA07045', 14, 4, 4),
(9825, 28, '241FA07045', 14, 5, 1),
(9826, 28, '241FA07045', 14, 6, 5),
(9827, 28, '241FA07045', 14, 7, 3),
(9828, 28, '241FA07045', 14, 8, 2),
(9829, 28, '241FA07045', 14, 9, 3),
(9830, 28, '241FA07045', 14, 10, 5),
(9831, 28, '241FA07045', 9, 1, 5),
(9832, 28, '241FA07045', 9, 2, 3),
(9833, 28, '241FA07045', 9, 3, 5),
(9834, 28, '241FA07045', 9, 4, 5),
(9835, 28, '241FA07045', 9, 5, 4),
(9836, 28, '241FA07045', 9, 6, 3),
(9837, 28, '241FA07045', 9, 7, 3),
(9838, 28, '241FA07045', 9, 8, 5),
(9839, 28, '241FA07045', 9, 9, 5),
(9840, 28, '241FA07045', 9, 10, 3),
(9841, 28, '241FA07045', 18, 1, 3),
(9842, 28, '241FA07045', 18, 2, 4),
(9843, 28, '241FA07045', 18, 3, 3),
(9844, 28, '241FA07045', 18, 4, 3),
(9845, 28, '241FA07045', 18, 5, 5),
(9846, 28, '241FA07045', 18, 6, 5),
(9847, 28, '241FA07045', 18, 7, 1),
(9848, 28, '241FA07045', 18, 8, 5),
(9849, 28, '241FA07045', 18, 9, 4),
(9850, 28, '241FA07045', 18, 10, 3),
(9851, 28, '241FA07045', 4, 1, 4),
(9852, 28, '241FA07045', 4, 2, 5),
(9853, 28, '241FA07045', 4, 3, 5),
(9854, 28, '241FA07045', 4, 4, 5),
(9855, 28, '241FA07045', 4, 5, 4),
(9856, 28, '241FA07045', 4, 6, 4),
(9857, 28, '241FA07045', 4, 7, 3),
(9858, 28, '241FA07045', 4, 8, 4),
(9859, 28, '241FA07045', 4, 9, 3),
(9860, 28, '241FA07045', 4, 10, 5),
(9861, 28, '241FA07047', 14, 1, 4),
(9862, 28, '241FA07047', 14, 2, 3),
(9863, 28, '241FA07047', 14, 3, 5),
(9864, 28, '241FA07047', 14, 4, 5),
(9865, 28, '241FA07047', 14, 5, 5),
(9866, 28, '241FA07047', 14, 6, 5),
(9867, 28, '241FA07047', 14, 7, 5),
(9868, 28, '241FA07047', 14, 8, 1),
(9869, 28, '241FA07047', 14, 9, 3),
(9870, 28, '241FA07047', 14, 10, 3),
(9871, 28, '241FA07047', 9, 1, 5),
(9872, 28, '241FA07047', 9, 2, 3),
(9873, 28, '241FA07047', 9, 3, 1),
(9874, 28, '241FA07047', 9, 4, 5),
(9875, 28, '241FA07047', 9, 5, 5),
(9876, 28, '241FA07047', 9, 6, 3),
(9877, 28, '241FA07047', 9, 7, 3),
(9878, 28, '241FA07047', 9, 8, 4),
(9879, 28, '241FA07047', 9, 9, 1),
(9880, 28, '241FA07047', 9, 10, 3),
(9881, 28, '241FA07047', 18, 1, 4),
(9882, 28, '241FA07047', 18, 2, 3),
(9883, 28, '241FA07047', 18, 3, 4),
(9884, 28, '241FA07047', 18, 4, 1),
(9885, 28, '241FA07047', 18, 5, 5),
(9886, 28, '241FA07047', 18, 6, 4),
(9887, 28, '241FA07047', 18, 7, 5),
(9888, 28, '241FA07047', 18, 8, 5),
(9889, 28, '241FA07047', 18, 9, 3),
(9890, 28, '241FA07047', 18, 10, 2),
(9891, 28, '241FA07047', 4, 1, 5),
(9892, 28, '241FA07047', 4, 2, 3),
(9893, 28, '241FA07047', 4, 3, 2),
(9894, 28, '241FA07047', 4, 4, 1),
(9895, 28, '241FA07047', 4, 5, 3),
(9896, 28, '241FA07047', 4, 6, 3),
(9897, 28, '241FA07047', 4, 7, 5),
(9898, 28, '241FA07047', 4, 8, 4),
(9899, 28, '241FA07047', 4, 9, 5),
(9900, 28, '241FA07047', 4, 10, 5),
(9901, 28, '241FA07048', 14, 1, 5),
(9902, 28, '241FA07048', 14, 2, 3),
(9903, 28, '241FA07048', 14, 3, 5),
(9904, 28, '241FA07048', 14, 4, 3),
(9905, 28, '241FA07048', 14, 5, 3),
(9906, 28, '241FA07048', 14, 6, 4),
(9907, 28, '241FA07048', 14, 7, 5),
(9908, 28, '241FA07048', 14, 8, 5),
(9909, 28, '241FA07048', 14, 9, 5),
(9910, 28, '241FA07048', 14, 10, 5),
(9911, 28, '241FA07048', 9, 1, 4),
(9912, 28, '241FA07048', 9, 2, 2),
(9913, 28, '241FA07048', 9, 3, 5),
(9914, 28, '241FA07048', 9, 4, 4),
(9915, 28, '241FA07048', 9, 5, 5),
(9916, 28, '241FA07048', 9, 6, 3),
(9917, 28, '241FA07048', 9, 7, 5),
(9918, 28, '241FA07048', 9, 8, 5),
(9919, 28, '241FA07048', 9, 9, 2),
(9920, 28, '241FA07048', 9, 10, 3),
(9921, 28, '241FA07048', 18, 1, 2),
(9922, 28, '241FA07048', 18, 2, 3),
(9923, 28, '241FA07048', 18, 3, 3),
(9924, 28, '241FA07048', 18, 4, 4),
(9925, 28, '241FA07048', 18, 5, 5),
(9926, 28, '241FA07048', 18, 6, 3),
(9927, 28, '241FA07048', 18, 7, 4),
(9928, 28, '241FA07048', 18, 8, 4),
(9929, 28, '241FA07048', 18, 9, 4),
(9930, 28, '241FA07048', 18, 10, 5),
(9931, 28, '241FA07048', 4, 1, 3),
(9932, 28, '241FA07048', 4, 2, 5),
(9933, 28, '241FA07048', 4, 3, 3),
(9934, 28, '241FA07048', 4, 4, 2),
(9935, 28, '241FA07048', 4, 5, 4),
(9936, 28, '241FA07048', 4, 6, 3),
(9937, 28, '241FA07048', 4, 7, 2),
(9938, 28, '241FA07048', 4, 8, 4),
(9939, 28, '241FA07048', 4, 9, 5),
(9940, 28, '241FA07048', 4, 10, 4),
(9941, 28, '241FA07050', 14, 1, 4),
(9942, 28, '241FA07050', 14, 2, 3),
(9943, 28, '241FA07050', 14, 3, 5),
(9944, 28, '241FA07050', 14, 4, 3),
(9945, 28, '241FA07050', 14, 5, 5),
(9946, 28, '241FA07050', 14, 6, 4),
(9947, 28, '241FA07050', 14, 7, 4),
(9948, 28, '241FA07050', 14, 8, 3),
(9949, 28, '241FA07050', 14, 9, 5),
(9950, 28, '241FA07050', 14, 10, 3),
(9951, 28, '241FA07050', 9, 1, 3),
(9952, 28, '241FA07050', 9, 2, 4),
(9953, 28, '241FA07050', 9, 3, 5),
(9954, 28, '241FA07050', 9, 4, 3),
(9955, 28, '241FA07050', 9, 5, 3),
(9956, 28, '241FA07050', 9, 6, 4),
(9957, 28, '241FA07050', 9, 7, 3),
(9958, 28, '241FA07050', 9, 8, 5),
(9959, 28, '241FA07050', 9, 9, 3),
(9960, 28, '241FA07050', 9, 10, 1),
(9961, 28, '241FA07050', 18, 1, 1),
(9962, 28, '241FA07050', 18, 2, 3),
(9963, 28, '241FA07050', 18, 3, 5),
(9964, 28, '241FA07050', 18, 4, 4),
(9965, 28, '241FA07050', 18, 5, 4),
(9966, 28, '241FA07050', 18, 6, 5),
(9967, 28, '241FA07050', 18, 7, 5),
(9968, 28, '241FA07050', 18, 8, 3),
(9969, 28, '241FA07050', 18, 9, 3),
(9970, 28, '241FA07050', 18, 10, 3),
(9971, 28, '241FA07050', 4, 1, 3),
(9972, 28, '241FA07050', 4, 2, 3),
(9973, 28, '241FA07050', 4, 3, 5),
(9974, 28, '241FA07050', 4, 4, 5),
(9975, 28, '241FA07050', 4, 5, 5),
(9976, 28, '241FA07050', 4, 6, 5),
(9977, 28, '241FA07050', 4, 7, 4),
(9978, 28, '241FA07050', 4, 8, 4),
(9979, 28, '241FA07050', 4, 9, 5),
(9980, 28, '241FA07050', 4, 10, 4),
(9981, 28, '241FA07063', 14, 1, 4),
(9982, 28, '241FA07063', 14, 2, 4),
(9983, 28, '241FA07063', 14, 3, 5),
(9984, 28, '241FA07063', 14, 4, 4),
(9985, 28, '241FA07063', 14, 5, 5),
(9986, 28, '241FA07063', 14, 6, 4),
(9987, 28, '241FA07063', 14, 7, 4),
(9988, 28, '241FA07063', 14, 8, 3),
(9989, 28, '241FA07063', 14, 9, 3),
(9990, 28, '241FA07063', 14, 10, 3),
(9991, 28, '241FA07063', 9, 1, 4),
(9992, 28, '241FA07063', 9, 2, 5),
(9993, 28, '241FA07063', 9, 3, 5),
(9994, 28, '241FA07063', 9, 4, 4),
(9995, 28, '241FA07063', 9, 5, 4),
(9996, 28, '241FA07063', 9, 6, 5),
(9997, 28, '241FA07063', 9, 7, 4),
(9998, 28, '241FA07063', 9, 8, 4),
(9999, 28, '241FA07063', 9, 9, 2),
(10000, 28, '241FA07063', 9, 10, 3),
(10001, 28, '241FA07063', 18, 1, 5),
(10002, 28, '241FA07063', 18, 2, 3),
(10003, 28, '241FA07063', 18, 3, 5),
(10004, 28, '241FA07063', 18, 4, 5),
(10005, 28, '241FA07063', 18, 5, 4),
(10006, 28, '241FA07063', 18, 6, 3),
(10007, 28, '241FA07063', 18, 7, 4),
(10008, 28, '241FA07063', 18, 8, 4),
(10009, 28, '241FA07063', 18, 9, 4),
(10010, 28, '241FA07063', 18, 10, 5),
(10011, 28, '241FA07063', 4, 1, 5),
(10012, 28, '241FA07063', 4, 2, 5),
(10013, 28, '241FA07063', 4, 3, 5),
(10014, 28, '241FA07063', 4, 4, 1),
(10015, 28, '241FA07063', 4, 5, 3),
(10016, 28, '241FA07063', 4, 6, 3),
(10017, 28, '241FA07063', 4, 7, 4),
(10018, 28, '241FA07063', 4, 8, 4),
(10019, 28, '241FA07063', 4, 9, 3),
(10020, 28, '241FA07063', 4, 10, 5),
(10021, 28, '241FA07068', 14, 1, 4),
(10022, 28, '241FA07068', 14, 2, 2),
(10023, 28, '241FA07068', 14, 3, 3),
(10024, 28, '241FA07068', 14, 4, 5),
(10025, 28, '241FA07068', 14, 5, 3),
(10026, 28, '241FA07068', 14, 6, 4),
(10027, 28, '241FA07068', 14, 7, 2),
(10028, 28, '241FA07068', 14, 8, 1),
(10029, 28, '241FA07068', 14, 9, 5),
(10030, 28, '241FA07068', 14, 10, 5),
(10031, 28, '241FA07068', 9, 1, 3),
(10032, 28, '241FA07068', 9, 2, 5),
(10033, 28, '241FA07068', 9, 3, 4),
(10034, 28, '241FA07068', 9, 4, 5),
(10035, 28, '241FA07068', 9, 5, 3),
(10036, 28, '241FA07068', 9, 6, 3),
(10037, 28, '241FA07068', 9, 7, 5),
(10038, 28, '241FA07068', 9, 8, 5),
(10039, 28, '241FA07068', 9, 9, 5),
(10040, 28, '241FA07068', 9, 10, 4),
(10041, 28, '241FA07068', 18, 1, 4),
(10042, 28, '241FA07068', 18, 2, 5),
(10043, 28, '241FA07068', 18, 3, 4),
(10044, 28, '241FA07068', 18, 4, 3),
(10045, 28, '241FA07068', 18, 5, 4),
(10046, 28, '241FA07068', 18, 6, 5),
(10047, 28, '241FA07068', 18, 7, 4),
(10048, 28, '241FA07068', 18, 8, 3),
(10049, 28, '241FA07068', 18, 9, 3),
(10050, 28, '241FA07068', 18, 10, 5),
(10051, 28, '241FA07068', 4, 1, 5),
(10052, 28, '241FA07068', 4, 2, 5),
(10053, 28, '241FA07068', 4, 3, 4),
(10054, 28, '241FA07068', 4, 4, 5),
(10055, 28, '241FA07068', 4, 5, 5),
(10056, 28, '241FA07068', 4, 6, 4),
(10057, 28, '241FA07068', 4, 7, 5),
(10058, 28, '241FA07068', 4, 8, 4),
(10059, 28, '241FA07068', 4, 9, 3),
(10060, 28, '241FA07068', 4, 10, 4),
(10061, 28, '241FA07071', 14, 1, 5),
(10062, 28, '241FA07071', 14, 2, 1),
(10063, 28, '241FA07071', 14, 3, 5),
(10064, 28, '241FA07071', 14, 4, 3),
(10065, 28, '241FA07071', 14, 5, 4),
(10066, 28, '241FA07071', 14, 6, 5),
(10067, 28, '241FA07071', 14, 7, 4),
(10068, 28, '241FA07071', 14, 8, 4),
(10069, 28, '241FA07071', 14, 9, 5),
(10070, 28, '241FA07071', 14, 10, 3),
(10071, 28, '241FA07071', 9, 1, 5),
(10072, 28, '241FA07071', 9, 2, 5),
(10073, 28, '241FA07071', 9, 3, 3),
(10074, 28, '241FA07071', 9, 4, 3),
(10075, 28, '241FA07071', 9, 5, 5),
(10076, 28, '241FA07071', 9, 6, 4),
(10077, 28, '241FA07071', 9, 7, 5),
(10078, 28, '241FA07071', 9, 8, 5),
(10079, 28, '241FA07071', 9, 9, 3),
(10080, 28, '241FA07071', 9, 10, 4),
(10081, 28, '241FA07071', 18, 1, 4),
(10082, 28, '241FA07071', 18, 2, 3),
(10083, 28, '241FA07071', 18, 3, 5),
(10084, 28, '241FA07071', 18, 4, 4),
(10085, 28, '241FA07071', 18, 5, 5),
(10086, 28, '241FA07071', 18, 6, 3),
(10087, 28, '241FA07071', 18, 7, 3),
(10088, 28, '241FA07071', 18, 8, 4),
(10089, 28, '241FA07071', 18, 9, 4),
(10090, 28, '241FA07071', 18, 10, 3),
(10091, 28, '241FA07071', 4, 1, 5),
(10092, 28, '241FA07071', 4, 2, 3),
(10093, 28, '241FA07071', 4, 3, 4),
(10094, 28, '241FA07071', 4, 4, 2),
(10095, 28, '241FA07071', 4, 5, 4),
(10096, 28, '241FA07071', 4, 6, 5),
(10097, 28, '241FA07071', 4, 7, 5),
(10098, 28, '241FA07071', 4, 8, 1),
(10099, 28, '241FA07071', 4, 9, 4),
(10100, 28, '241FA07071', 4, 10, 4),
(10101, 28, '241FA07072', 14, 1, 2),
(10102, 28, '241FA07072', 14, 2, 1),
(10103, 28, '241FA07072', 14, 3, 3),
(10104, 28, '241FA07072', 14, 4, 5),
(10105, 28, '241FA07072', 14, 5, 4),
(10106, 28, '241FA07072', 14, 6, 4),
(10107, 28, '241FA07072', 14, 7, 4),
(10108, 28, '241FA07072', 14, 8, 4),
(10109, 28, '241FA07072', 14, 9, 3),
(10110, 28, '241FA07072', 14, 10, 5),
(10111, 28, '241FA07072', 9, 1, 4),
(10112, 28, '241FA07072', 9, 2, 4),
(10113, 28, '241FA07072', 9, 3, 5),
(10114, 28, '241FA07072', 9, 4, 3),
(10115, 28, '241FA07072', 9, 5, 5),
(10116, 28, '241FA07072', 9, 6, 5),
(10117, 28, '241FA07072', 9, 7, 4),
(10118, 28, '241FA07072', 9, 8, 2),
(10119, 28, '241FA07072', 9, 9, 3),
(10120, 28, '241FA07072', 9, 10, 4),
(10121, 28, '241FA07072', 18, 1, 4),
(10122, 28, '241FA07072', 18, 2, 4),
(10123, 28, '241FA07072', 18, 3, 3),
(10124, 28, '241FA07072', 18, 4, 5),
(10125, 28, '241FA07072', 18, 5, 5),
(10126, 28, '241FA07072', 18, 6, 5),
(10127, 28, '241FA07072', 18, 7, 3),
(10128, 28, '241FA07072', 18, 8, 1),
(10129, 28, '241FA07072', 18, 9, 5),
(10130, 28, '241FA07072', 18, 10, 5),
(10131, 28, '241FA07072', 4, 1, 5),
(10132, 28, '241FA07072', 4, 2, 3),
(10133, 28, '241FA07072', 4, 3, 3),
(10134, 28, '241FA07072', 4, 4, 5),
(10135, 28, '241FA07072', 4, 5, 4),
(10136, 28, '241FA07072', 4, 6, 5),
(10137, 28, '241FA07072', 4, 7, 4),
(10138, 28, '241FA07072', 4, 8, 5),
(10139, 28, '241FA07072', 4, 9, 5),
(10140, 28, '241FA07072', 4, 10, 3),
(10141, 28, '241FA07077', 14, 1, 3),
(10142, 28, '241FA07077', 14, 2, 4),
(10143, 28, '241FA07077', 14, 3, 4),
(10144, 28, '241FA07077', 14, 4, 3),
(10145, 28, '241FA07077', 14, 5, 1),
(10146, 28, '241FA07077', 14, 6, 3),
(10147, 28, '241FA07077', 14, 7, 4),
(10148, 28, '241FA07077', 14, 8, 3),
(10149, 28, '241FA07077', 14, 9, 3),
(10150, 28, '241FA07077', 14, 10, 5),
(10151, 28, '241FA07077', 9, 1, 3),
(10152, 28, '241FA07077', 9, 2, 3),
(10153, 28, '241FA07077', 9, 3, 2),
(10154, 28, '241FA07077', 9, 4, 4),
(10155, 28, '241FA07077', 9, 5, 5),
(10156, 28, '241FA07077', 9, 6, 5),
(10157, 28, '241FA07077', 9, 7, 5),
(10158, 28, '241FA07077', 9, 8, 4),
(10159, 28, '241FA07077', 9, 9, 5),
(10160, 28, '241FA07077', 9, 10, 5),
(10161, 28, '241FA07077', 18, 1, 3),
(10162, 28, '241FA07077', 18, 2, 5),
(10163, 28, '241FA07077', 18, 3, 3),
(10164, 28, '241FA07077', 18, 4, 4),
(10165, 28, '241FA07077', 18, 5, 5),
(10166, 28, '241FA07077', 18, 6, 4),
(10167, 28, '241FA07077', 18, 7, 1),
(10168, 28, '241FA07077', 18, 8, 3),
(10169, 28, '241FA07077', 18, 9, 5),
(10170, 28, '241FA07077', 18, 10, 4),
(10171, 28, '241FA07077', 4, 1, 2),
(10172, 28, '241FA07077', 4, 2, 4),
(10173, 28, '241FA07077', 4, 3, 4),
(10174, 28, '241FA07077', 4, 4, 4),
(10175, 28, '241FA07077', 4, 5, 4),
(10176, 28, '241FA07077', 4, 6, 5),
(10177, 28, '241FA07077', 4, 7, 5),
(10178, 28, '241FA07077', 4, 8, 4),
(10179, 28, '241FA07077', 4, 9, 5);
INSERT INTO `student_feedback` (`feedback_id`, `form_id`, `reg_no`, `subject_id`, `question_id`, `rating`) VALUES
(10180, 28, '241FA07077', 4, 10, 5),
(10181, 28, '241FA07084', 14, 1, 5),
(10182, 28, '241FA07084', 14, 2, 4),
(10183, 28, '241FA07084', 14, 3, 3),
(10184, 28, '241FA07084', 14, 4, 5),
(10185, 28, '241FA07084', 14, 5, 5),
(10186, 28, '241FA07084', 14, 6, 5),
(10187, 28, '241FA07084', 14, 7, 5),
(10188, 28, '241FA07084', 14, 8, 4),
(10189, 28, '241FA07084', 14, 9, 5),
(10190, 28, '241FA07084', 14, 10, 4),
(10191, 28, '241FA07084', 9, 1, 2),
(10192, 28, '241FA07084', 9, 2, 3),
(10193, 28, '241FA07084', 9, 3, 2),
(10194, 28, '241FA07084', 9, 4, 3),
(10195, 28, '241FA07084', 9, 5, 4),
(10196, 28, '241FA07084', 9, 6, 4),
(10197, 28, '241FA07084', 9, 7, 5),
(10198, 28, '241FA07084', 9, 8, 5),
(10199, 28, '241FA07084', 9, 9, 5),
(10200, 28, '241FA07084', 9, 10, 3),
(10201, 28, '241FA07084', 18, 1, 4),
(10202, 28, '241FA07084', 18, 2, 3),
(10203, 28, '241FA07084', 18, 3, 5),
(10204, 28, '241FA07084', 18, 4, 5),
(10205, 28, '241FA07084', 18, 5, 4),
(10206, 28, '241FA07084', 18, 6, 4),
(10207, 28, '241FA07084', 18, 7, 5),
(10208, 28, '241FA07084', 18, 8, 4),
(10209, 28, '241FA07084', 18, 9, 3),
(10210, 28, '241FA07084', 18, 10, 5),
(10211, 28, '241FA07084', 4, 1, 3),
(10212, 28, '241FA07084', 4, 2, 4),
(10213, 28, '241FA07084', 4, 3, 4),
(10214, 28, '241FA07084', 4, 4, 5),
(10215, 28, '241FA07084', 4, 5, 3),
(10216, 28, '241FA07084', 4, 6, 5),
(10217, 28, '241FA07084', 4, 7, 2),
(10218, 28, '241FA07084', 4, 8, 5),
(10219, 28, '241FA07084', 4, 9, 5),
(10220, 28, '241FA07084', 4, 10, 4),
(10221, 28, '241FA07086', 14, 1, 4),
(10222, 28, '241FA07086', 14, 2, 4),
(10223, 28, '241FA07086', 14, 3, 2),
(10224, 28, '241FA07086', 14, 4, 4),
(10225, 28, '241FA07086', 14, 5, 5),
(10226, 28, '241FA07086', 14, 6, 4),
(10227, 28, '241FA07086', 14, 7, 3),
(10228, 28, '241FA07086', 14, 8, 5),
(10229, 28, '241FA07086', 14, 9, 5),
(10230, 28, '241FA07086', 14, 10, 4),
(10231, 28, '241FA07086', 9, 1, 3),
(10232, 28, '241FA07086', 9, 2, 4),
(10233, 28, '241FA07086', 9, 3, 3),
(10234, 28, '241FA07086', 9, 4, 3),
(10235, 28, '241FA07086', 9, 5, 4),
(10236, 28, '241FA07086', 9, 6, 4),
(10237, 28, '241FA07086', 9, 7, 3),
(10238, 28, '241FA07086', 9, 8, 1),
(10239, 28, '241FA07086', 9, 9, 1),
(10240, 28, '241FA07086', 9, 10, 5),
(10241, 28, '241FA07086', 18, 1, 4),
(10242, 28, '241FA07086', 18, 2, 3),
(10243, 28, '241FA07086', 18, 3, 2),
(10244, 28, '241FA07086', 18, 4, 5),
(10245, 28, '241FA07086', 18, 5, 3),
(10246, 28, '241FA07086', 18, 6, 4),
(10247, 28, '241FA07086', 18, 7, 5),
(10248, 28, '241FA07086', 18, 8, 3),
(10249, 28, '241FA07086', 18, 9, 4),
(10250, 28, '241FA07086', 18, 10, 4),
(10251, 28, '241FA07086', 4, 1, 5),
(10252, 28, '241FA07086', 4, 2, 4),
(10253, 28, '241FA07086', 4, 3, 5),
(10254, 28, '241FA07086', 4, 4, 4),
(10255, 28, '241FA07086', 4, 5, 4),
(10256, 28, '241FA07086', 4, 6, 5),
(10257, 28, '241FA07086', 4, 7, 5),
(10258, 28, '241FA07086', 4, 8, 3),
(10259, 28, '241FA07086', 4, 9, 4),
(10260, 28, '241FA07086', 4, 10, 5),
(10261, 28, '241FA07088', 14, 1, 2),
(10262, 28, '241FA07088', 14, 2, 4),
(10263, 28, '241FA07088', 14, 3, 3),
(10264, 28, '241FA07088', 14, 4, 1),
(10265, 28, '241FA07088', 14, 5, 3),
(10266, 28, '241FA07088', 14, 6, 5),
(10267, 28, '241FA07088', 14, 7, 4),
(10268, 28, '241FA07088', 14, 8, 4),
(10269, 28, '241FA07088', 14, 9, 1),
(10270, 28, '241FA07088', 14, 10, 5),
(10271, 28, '241FA07088', 9, 1, 5),
(10272, 28, '241FA07088', 9, 2, 4),
(10273, 28, '241FA07088', 9, 3, 4),
(10274, 28, '241FA07088', 9, 4, 2),
(10275, 28, '241FA07088', 9, 5, 3),
(10276, 28, '241FA07088', 9, 6, 5),
(10277, 28, '241FA07088', 9, 7, 5),
(10278, 28, '241FA07088', 9, 8, 3),
(10279, 28, '241FA07088', 9, 9, 5),
(10280, 28, '241FA07088', 9, 10, 3),
(10281, 28, '241FA07088', 18, 1, 3),
(10282, 28, '241FA07088', 18, 2, 3),
(10283, 28, '241FA07088', 18, 3, 5),
(10284, 28, '241FA07088', 18, 4, 5),
(10285, 28, '241FA07088', 18, 5, 5),
(10286, 28, '241FA07088', 18, 6, 5),
(10287, 28, '241FA07088', 18, 7, 3),
(10288, 28, '241FA07088', 18, 8, 3),
(10289, 28, '241FA07088', 18, 9, 5),
(10290, 28, '241FA07088', 18, 10, 4),
(10291, 28, '241FA07088', 4, 1, 5),
(10292, 28, '241FA07088', 4, 2, 1),
(10293, 28, '241FA07088', 4, 3, 4),
(10294, 28, '241FA07088', 4, 4, 3),
(10295, 28, '241FA07088', 4, 5, 5),
(10296, 28, '241FA07088', 4, 6, 5),
(10297, 28, '241FA07088', 4, 7, 3),
(10298, 28, '241FA07088', 4, 8, 3),
(10299, 28, '241FA07088', 4, 9, 4),
(10300, 28, '241FA07088', 4, 10, 3),
(10301, 28, '241FA07089', 14, 1, 5),
(10302, 28, '241FA07089', 14, 2, 5),
(10303, 28, '241FA07089', 14, 3, 5),
(10304, 28, '241FA07089', 14, 4, 3),
(10305, 28, '241FA07089', 14, 5, 4),
(10306, 28, '241FA07089', 14, 6, 5),
(10307, 28, '241FA07089', 14, 7, 5),
(10308, 28, '241FA07089', 14, 8, 5),
(10309, 28, '241FA07089', 14, 9, 4),
(10310, 28, '241FA07089', 14, 10, 3),
(10311, 28, '241FA07089', 9, 1, 1),
(10312, 28, '241FA07089', 9, 2, 5),
(10313, 28, '241FA07089', 9, 3, 5),
(10314, 28, '241FA07089', 9, 4, 3),
(10315, 28, '241FA07089', 9, 5, 3),
(10316, 28, '241FA07089', 9, 6, 4),
(10317, 28, '241FA07089', 9, 7, 3),
(10318, 28, '241FA07089', 9, 8, 1),
(10319, 28, '241FA07089', 9, 9, 4),
(10320, 28, '241FA07089', 9, 10, 3),
(10321, 28, '241FA07089', 18, 1, 5),
(10322, 28, '241FA07089', 18, 2, 4),
(10323, 28, '241FA07089', 18, 3, 4),
(10324, 28, '241FA07089', 18, 4, 3),
(10325, 28, '241FA07089', 18, 5, 4),
(10326, 28, '241FA07089', 18, 6, 4),
(10327, 28, '241FA07089', 18, 7, 2),
(10328, 28, '241FA07089', 18, 8, 4),
(10329, 28, '241FA07089', 18, 9, 3),
(10330, 28, '241FA07089', 18, 10, 4),
(10331, 28, '241FA07089', 4, 1, 3),
(10332, 28, '241FA07089', 4, 2, 4),
(10333, 28, '241FA07089', 4, 3, 4),
(10334, 28, '241FA07089', 4, 4, 1),
(10335, 28, '241FA07089', 4, 5, 3),
(10336, 28, '241FA07089', 4, 6, 3),
(10337, 28, '241FA07089', 4, 7, 5),
(10338, 28, '241FA07089', 4, 8, 3),
(10339, 28, '241FA07089', 4, 9, 3),
(10340, 28, '241FA07089', 4, 10, 4),
(10341, 28, '241FA07100', 14, 1, 4),
(10342, 28, '241FA07100', 14, 2, 4),
(10343, 28, '241FA07100', 14, 3, 4),
(10344, 28, '241FA07100', 14, 4, 5),
(10345, 28, '241FA07100', 14, 5, 5),
(10346, 28, '241FA07100', 14, 6, 5),
(10347, 28, '241FA07100', 14, 7, 5),
(10348, 28, '241FA07100', 14, 8, 4),
(10349, 28, '241FA07100', 14, 9, 5),
(10350, 28, '241FA07100', 14, 10, 3),
(10351, 28, '241FA07100', 9, 1, 5),
(10352, 28, '241FA07100', 9, 2, 4),
(10353, 28, '241FA07100', 9, 3, 5),
(10354, 28, '241FA07100', 9, 4, 5),
(10355, 28, '241FA07100', 9, 5, 4),
(10356, 28, '241FA07100', 9, 6, 5),
(10357, 28, '241FA07100', 9, 7, 4),
(10358, 28, '241FA07100', 9, 8, 4),
(10359, 28, '241FA07100', 9, 9, 3),
(10360, 28, '241FA07100', 9, 10, 5),
(10361, 28, '241FA07100', 18, 1, 5),
(10362, 28, '241FA07100', 18, 2, 4),
(10363, 28, '241FA07100', 18, 3, 5),
(10364, 28, '241FA07100', 18, 4, 5),
(10365, 28, '241FA07100', 18, 5, 3),
(10366, 28, '241FA07100', 18, 6, 4),
(10367, 28, '241FA07100', 18, 7, 5),
(10368, 28, '241FA07100', 18, 8, 4),
(10369, 28, '241FA07100', 18, 9, 3),
(10370, 28, '241FA07100', 18, 10, 5),
(10371, 28, '241FA07100', 4, 1, 3),
(10372, 28, '241FA07100', 4, 2, 4),
(10373, 28, '241FA07100', 4, 3, 5),
(10374, 28, '241FA07100', 4, 4, 5),
(10375, 28, '241FA07100', 4, 5, 3),
(10376, 28, '241FA07100', 4, 6, 4),
(10377, 28, '241FA07100', 4, 7, 4),
(10378, 28, '241FA07100', 4, 8, 5),
(10379, 28, '241FA07100', 4, 9, 3),
(10380, 28, '241FA07100', 4, 10, 3);

-- --------------------------------------------------------

--
-- Table structure for table `subjects`
--

CREATE TABLE `subjects` (
  `subject_id` int(11) NOT NULL,
  `code` varchar(20) NOT NULL,
  `name` varchar(100) NOT NULL
) ENGINE=InnoDB DEFAULT CHARSET=utf8mb4 COLLATE=utf8mb4_general_ci;

--
-- Dumping data for table `subjects`
--

INSERT INTO `subjects` (`subject_id`, `code`, `name`) VALUES
(1, 'DBMS', 'Database Systems'),
(2, 'OOP', 'Object Oriented Programming'),
(3, 'CN', 'Computer Networks'),
(4, 'SE', 'Software Engineering'),
(5, 'IDP1', 'Inter-Disciplinary Project  Phase I'),
(6, 'IIC', 'Industry Interface Course (Modular Course)'),
(7, 'ML', 'Machine Learning'),
(8, 'IoT', 'Internet of Things'),
(9, 'PEEC', 'Professional Ethics in Engineering and Computing'),
(10, 'BDA', 'Big Data Analytics'),
(11, 'BCT', 'Block Chain Technologies'),
(12, 'NLP', 'Natural Language Processing'),
(13, 'FLAT', 'Formal Languages and Automata Theory'),
(14, 'OSWT', 'Open Source Web Technologies'),
(15, 'AWT', 'Advanced Web Technologies'),
(16, 'CFSD', 'Cloud Full Stack Development'),
(17, 'DS', 'Data Structures'),
(18, 'SSL', 'Soft Skills Lab'),
(19, 'CO', 'Computer Organization'),
(20, 'UID', 'User Interface Design'),
(21, 'DTEO', 'Design Thinking and Engineering Orientation');

--
-- Indexes for dumped tables
--

--
-- Indexes for table `credentials`
--
ALTER TABLE `credentials`
  ADD PRIMARY KEY (`employee_id`);

--
-- Indexes for table `feedback_forms`
--
ALTER TABLE `feedback_forms`
  ADD PRIMARY KEY (`form_id`);

--
-- Indexes for table `form_subjects`
--
ALTER TABLE `form_subjects`
  ADD PRIMARY KEY (`id`),
  ADD KEY `form_id` (`form_id`),
  ADD KEY `subject_id` (`subject_id`);

--
-- Indexes for table `questions`
--
ALTER TABLE `questions`
  ADD PRIMARY KEY (`question_id`);

--
-- Indexes for table `students`
--
ALTER TABLE `students`
  ADD PRIMARY KEY (`reg_no`);

--
-- Indexes for table `student_feedback`
--
ALTER TABLE `student_feedback`
  ADD PRIMARY KEY (`feedback_id`),
  ADD UNIQUE KEY `unique_student_question` (`form_id`,`reg_no`,`question_id`,`subject_id`),
  ADD KEY `form_id` (`form_id`),
  ADD KEY `reg_no` (`reg_no`),
  ADD KEY `subject_id` (`subject_id`),
  ADD KEY `question_id` (`question_id`);

--
-- Indexes for table `subjects`
--
ALTER TABLE `subjects`
  ADD PRIMARY KEY (`subject_id`);

--
-- AUTO_INCREMENT for dumped tables
--

--
-- AUTO_INCREMENT for table `feedback_forms`
--
ALTER TABLE `feedback_forms`
  MODIFY `form_id` int(11) NOT NULL AUTO_INCREMENT, AUTO_INCREMENT=29;

--
-- AUTO_INCREMENT for table `form_subjects`
--
ALTER TABLE `form_subjects`
  MODIFY `id` int(11) NOT NULL AUTO_INCREMENT, AUTO_INCREMENT=108;

--
-- AUTO_INCREMENT for table `questions`
--
ALTER TABLE `questions`
  MODIFY `question_id` int(11) NOT NULL AUTO_INCREMENT, AUTO_INCREMENT=16;

--
-- AUTO_INCREMENT for table `student_feedback`
--
ALTER TABLE `student_feedback`
  MODIFY `feedback_id` int(11) NOT NULL AUTO_INCREMENT, AUTO_INCREMENT=10381;

--
-- AUTO_INCREMENT for table `subjects`
--
ALTER TABLE `subjects`
  MODIFY `subject_id` int(11) NOT NULL AUTO_INCREMENT, AUTO_INCREMENT=23;

--
-- Constraints for dumped tables
--

--
-- Constraints for table `form_subjects`
--
ALTER TABLE `form_subjects`
  ADD CONSTRAINT `form_subjects_ibfk_1` FOREIGN KEY (`form_id`) REFERENCES `feedback_forms` (`form_id`) ON DELETE CASCADE,
  ADD CONSTRAINT `form_subjects_ibfk_2` FOREIGN KEY (`subject_id`) REFERENCES `subjects` (`subject_id`) ON DELETE CASCADE;

--
-- Constraints for table `student_feedback`
--
ALTER TABLE `student_feedback`
  ADD CONSTRAINT `student_feedback_ibfk_1` FOREIGN KEY (`form_id`) REFERENCES `feedback_forms` (`form_id`) ON DELETE CASCADE,
  ADD CONSTRAINT `student_feedback_ibfk_2` FOREIGN KEY (`reg_no`) REFERENCES `students` (`reg_no`) ON DELETE CASCADE,
  ADD CONSTRAINT `student_feedback_ibfk_3` FOREIGN KEY (`subject_id`) REFERENCES `subjects` (`subject_id`),
  ADD CONSTRAINT `student_feedback_ibfk_4` FOREIGN KEY (`question_id`) REFERENCES `questions` (`question_id`);
COMMIT;

/*!40101 SET CHARACTER_SET_CLIENT=@OLD_CHARACTER_SET_CLIENT */;
/*!40101 SET CHARACTER_SET_RESULTS=@OLD_CHARACTER_SET_RESULTS */;
/*!40101 SET COLLATION_CONNECTION=@OLD_COLLATION_CONNECTION */;
